Clt;Joueur;Nation;Pos;Équipe;Âge;Naissance;90;Cmp;Att;Cmp%;TotDist;DistBut;Cmp;Att;Cmp%;Cmp;Att;Cmp%;Cmp;Att;Cmp%;PD;xAG;xA;A-xAG;PC;01-mars;PPA;CntSR;PrgP;Matchs
1;Keyliane Abdallah;fr FRA;AT;Marseille;18-281;2006;0.0;2;2;100.0;41;0;0;0;;2;2;100.0;0;0;;0;0.0;0.0;0.0;0;0;0;0;0;Matchs
2;Yunis Abdelhamid;ma MAR;DF;Saint-Étienne;37-105;1987;10.4;421;484;87.0;7651;2333;141;152;92.8;253;275;92.0;22;47;46.8;0;0.0;0.0;0.0;1;27;0;0;22;Matchs
3;Himad Abdelli;dz ALG;MT,AT;Angers;25-055;1999;15.8;733;906;80.9;11125;3139;400;456;87.7;269;315;85.4;39;87;44.8;1;2.2;2.0;-1.2;23;81;21;0;108;Matchs
4;Mohamed Abdelmoneim;eg EGY;DF;Nice;25-345;1999;6.8;287;328;87.5;5250;1656;105;115;91.3;156;171;91.2;19;32;59.4;0;0.0;0.1;0.0;0;15;1;0;26;Matchs
5;Ali Abdi;tn TUN;DF,MT;Nice;31-022;1993;6.5;202;280;72.1;3131;1127;103;128;80.5;80;105;76.2;11;26;42.3;2;1.2;1.0;+0.8;10;7;8;2;16;Matchs
6;Matthis Abline;fr FRA;AT;Nantes;21-289;2003;14.6;188;259;72.6;2813;462;97;125;77.6;64;81;79.0;13;20;65.0;0;1.7;2.0;-1.7;12;12;9;1;27;Matchs
7;Abner;br BRA;DF;Lyon;24-229;2000;8.3;367;446;82.3;5357;2334;211;234;90.2;122;146;83.6;21;35;60.0;0;0.4;1.5;-0.4;7;29;7;1;43;Matchs
8;Zakaria Aboukhlal;ma MAR;MT,AT;Toulouse;24-328;2000;13.9;152;243;62.6;1968;567;96;130;73.8;45;76;59.2;3;7;42.9;2;1.3;1.4;+0.7;8;9;7;2;18;Matchs
9;Akor Adams;ng NGA;AT;Montpellier;24-348;2000;10.9;100;157;63.7;1321;162;65;87;74.7;28;43;65.1;2;9;22.2;1;1.0;0.1;0.0;12;6;0;0;5;Matchs
10;Martin Adeline;fr FRA;MT;Reims;21-040;2003;0.3;8;10;80.0;138;11;3;3;100.0;3;4;75.0;1;2;50.0;0;0.0;0.0;0.0;0;1;0;0;0;Matchs
11;Adryelson;br BRA;DF;Lyon;26-294;1998;0.0;1;3;33.3;21;19;0;1;0.0;1;2;50.0;0;0;;0;0.0;0.0;0.0;0;0;0;0;1;Matchs
12;Emmanuel Agbadou;ci CIV;DF;Reims;27-208;1997;14.0;810;922;87.9;16521;6962;293;316;92.7;400;417;95.9;110;174;63.2;0;0.3;0.3;-0.3;8;71;4;1;77;Matchs
13;Ruben Aguilar;fr FRA;DF;Lens;31-260;1993;3.0;165;205;80.5;2217;886;106;117;90.6;40;57;70.2;9;12;75.0;1;0.7;0.6;+0.3;2;8;3;0;14;Matchs
14;Jean-Eudes Aholou;ci CIV;MT;Angers;30-297;1994;13.0;401;473;84.8;6380;1697;199;223;89.2;183;200;91.5;11;28;39.3;0;0.2;0.2;-0.2;5;26;3;0;45;Matchs
15;Ayman Aiki;fr FRA;AT,MT;Saint-Étienne;19-200;2005;1.4;17;29;58.6;234;93;12;17;70.6;4;7;57.1;1;3;33.3;0;0.0;0.0;0.0;1;2;1;0;5;Matchs
16;Ludovic Ajorque;fr FRA;AT;Brest;30-321;1994;11.6;205;290;70.7;2939;378;124;161;77.0;59;84;70.2;13;17;76.5;1;1.3;0.8;-0.3;17;17;5;0;16;Matchs
17;Ümit Akdag;ro ROU;DF;Toulouse;21-097;2003;2.5;111;149;74.5;1858;771;53;70;75.7;53;62;85.5;5;12;41.7;0;0.0;0.0;0.0;1;11;1;0;19;Matchs
18;Sergio Akieme;es ESP;DF;Reims;27-026;1997;12.8;385;491;78.4;5333;1440;235;254;92.5;131;168;78.0;9;42;21.4;1;0.8;1.0;+0.2;7;15;8;6;30;Matchs
19;Maghnes Akliouche;fr FRA;AT,MT;Monaco;22-321;2002;11.6;425;544;78.1;5758;1914;265;295;89.8;128;169;75.7;15;33;45.5;4;3.4;3.8;+0.6;22;37;23;1;76;Matchs
20;Clément Akpa;ci CIV;DF;Auxerre;23-048;2001;13.8;466;599;77.8;9247;3655;163;194;84.0;238;269;88.5;59;118;50.0;0;0.4;0.5;-0.4;7;37;10;5;45;Matchs
21;Mohamed Ali Cho;fr FRA;AT,MT;Nice;20-358;2004;8.8;163;239;68.2;2263;588;102;125;81.6;50;72;69.4;6;19;31.6;1;2.2;1.8;-1.2;15;7;14;1;26;Matchs
22;Jim Allevinah;ga GAB;AT;Angers;29-319;1995;9.0;162;217;74.7;2277;522;97;116;83.6;54;74;73.0;6;12;50.0;2;1.2;0.6;+0.8;7;13;8;1;31;Matchs
23;Jordan Amavi;fr FRA;DF;Brest;30-308;1994;8.3;368;503;73.2;5964;2134;174;206;84.5;165;224;73.7;21;48;43.8;0;0.2;0.2;-0.2;6;27;4;0;32;Matchs
24;Kelvin Amian;fr FRA;DF,MT;Nantes;26-338;1998;11.9;373;453;82.3;5810;2418;199;215;92.6;134;158;84.8;26;50;52.0;0;0.4;0.9;-0.4;8;26;12;5;36;Matchs
25;Michael Amir Murillo;pa PAN;DF;Marseille;28-335;1996;13.8;812;922;88.1;13041;4087;382;403;94.8;389;439;88.6;32;50;64.0;1;1.6;1.4;-0.6;14;75;10;2;70;Matchs
;;;;;;;;;;;;;;;;;;;;;;;;;;;;;;;
;Mathis Amougou;fr FRA;MT;Saint-Étienne;18-359;2006;8.0;166;213;77.9;2678;944;83;95;87.4;64;83;77.1;13;21;61.9;0;0.1;0.1;-0.1;4;14;3;0;29;Matchs
;Benjamin André;fr FRA;MT;Lille;34-161;1990;14.9;821;1001;82.0;14077;3749;391;441;88.7;331;385;86.0;80;122;65.6;1;1.1;1.6;-0.1;11;104;12;2;112;Matchs
;Dennis Appiah;fr FRA;DF;Saint-Étienne;32-216;1992;12.3;425;570;74.6;7056;3245;215;244;88.1;176;221;79.6;29;70;41.4;1;1.9;1.5;-0.9;9;34;15;5;44;Matchs
;Carlens Arcus;ht HAI;DF;Angers;28-197;1996;14.0;477;606;78.7;8121;2875;225;256;87.9;201;255;78.8;45;69;65.2;1;1.0;0.9;0.0;12;32;12;7;35;Matchs
;Hákon Arnar Haraldsson;is ISL;MT,AT;Lille;21-276;2003;5.8;259;320;80.9;4300;915;122;146;83.6;107;119;89.9;23;34;67.6;1;0.3;0.7;+0.7;7;29;10;1;29;Matchs
;Marco Asensio;es ESP;AT,MT;Paris S-G;28-356;1996;6.8;285;329;86.6;4040;779;179;192;93.2;79;92;85.9;18;25;72.0;4;2.7;1.6;+1.3;15;31;4;1;35;Matchs
;Lorenz Assignon;tg TOG;DF,MT;Rennes;24-203;2000;10.5;435;544;80.0;6761;2475;217;255;85.1;184;224;82.1;19;35;54.3;1;0.5;0.8;+0.5;8;27;9;4;49;Matchs
;Dehmaine Assoumani;fr FRA;MT,AT;Nantes;19-269;2005;0.4;28;31;90.3;427;126;16;17;94.1;10;11;90.9;2;3;66.7;0;0.3;0.5;-0.3;3;1;2;2;1;Matchs
;Valentin Atangana Edoa;fr FRA;MT;Reims;19-139;2005;14.7;481;548;87.8;7263;1936;259;272;95.2;202;218;92.7;11;29;37.9;0;0.3;0.2;-0.3;5;30;2;0;47;Matchs
;Florian Ayé;fr FRA;AT;Auxerre;27-358;1997;3.5;58;75;77.3;721;84;41;50;82.0;13;18;72.2;1;1;100.0;0;0.1;0.1;-0.1;1;4;2;0;3;Matchs
;André Ayew;gh GHA;AT;Le Havre;35-025;1989;6.6;92;119;77.3;1051;93;61;73;83.6;22;26;84.6;0;1;0.0;0;0.0;0.0;0.0;1;2;0;0;8;Matchs
;Neil El Aynaoui;fr FRA;MT;Lens;23-193;2001;3.2;138;159;86.8;1939;442;80;87;92.0;46;52;88.5;5;7;71.4;0;0.3;0.2;-0.3;3;10;2;1;13;Matchs
;Shavy Babicka;ga GAB;MT,AT;Toulouse;24-224;2000;5.8;95;139;68.3;1253;237;61;79;77.2;26;39;66.7;2;4;50.0;0;0.8;0.9;-0.8;6;3;3;1;8;Matchs
;Theo Bair;ca CAN;AT;Auxerre;25-137;1999;4.7;73;115;63.5;887;201;46;66;69.7;14;26;53.8;3;4;75.0;0;0.4;0.4;-0.4;7;7;0;0;12;Matchs
;Mitchel Bakker;nl NED;DF,AT;Lille;24-205;2000;4.3;195;242;80.6;3107;1086;102;114;89.5;72;88;81.8;15;26;57.7;0;0.6;0.5;-0.6;4;18;4;3;18;Matchs
;Darryl Bakola;fr FRA;DF;Marseille;17-042;2007;0.1;9;10;90.0;134;33;6;6;100.0;2;3;66.7;1;1;100.0;0;0.0;0.0;0.0;0;0;0;0;0;Matchs
;Dilane Bakwa;fr FRA;MT,AT;Strasbourg;22-138;2002;15.5;428;583;73.4;7401;2254;210;248;84.7;159;203;78.3;51;102;50.0;5;3.8;3.4;+1.2;31;37;23;7;66;Matchs
;Leonardo Balerdi;ar ARG;DF;Marseille;25-351;1999;12.0;1146;1216;94.2;19550;7590;462;473;97.7;602;620;97.1;61;89;68.5;0;0.7;0.5;-0.7;5;88;4;0;57;Matchs
;Folarin Balogun;us USA;AT;Monaco;23-192;2001;5.2;64;94;68.1;752;120;36;46;78.3;15;24;62.5;2;5;40.0;0;0.9;1.1;-0.9;6;5;1;0;9;Matchs
;Abdoulaye Bamba;ci CIV;DF;Angers;34-261;1990;6.8;230;264;87.1;4790;1648;52;59;88.1;158;166;95.2;19;33;57.6;0;0.1;0.2;-0.1;3;9;2;1;9;Matchs
;Mohamed Bamba;ci CIV;MT;Reims;20-095;2004;0.0;1;2;50.0;37;10;0;0;;0;1;0.0;1;1;100.0;0;0.0;0.0;0.0;0;0;0;0;1;Matchs
;Bradley Barcola;fr FRA;AT;Paris S-G;22-131;2002;11.7;344;416;82.7;4569;1005;241;262;92.0;86;107;80.4;10;16;62.5;2;4.4;2.4;-2.4;21;15;17;2;39;Matchs
;Melvin Bard;fr FRA;DF,MT;Nice;24-066;2000;7.5;268;367;73.0;4588;1586;130;149;87.2;115;148;77.7;19;50;38.0;0;0.4;0.5;-0.4;2;23;5;1;29;Matchs
;Gabriel Bares;ch SUI;MT,DF;Montpellier;24-135;2000;0.6;34;40;85.0;590;199;17;19;89.5;13;14;92.9;4;7;57.1;0;0.0;0.0;0.0;0;5;0;0;3;Matchs
;Dylan Batubinsika;cd COD;DF;Saint-Étienne;28-331;1996;14.6;646;723;89.3;12263;3806;200;211;94.8;394;423;93.1;43;73;58.9;0;0.1;0.2;-0.1;2;26;2;0;27;Matchs
;;;;;;;;;;;;;;;;;;;;;;;;;;;;;;;
;Haris Belkebla;dz ALG;MT;Angers;30-349;1994;11.0;384;441;87.1;5987;1638;205;224;91.5;150;169;88.8;16;24;66.7;0;0.1;0.2;-0.1;3;38;2;0;36;Matchs
;Yassin Belkhdim;fr FRA;MT,AT;Angers;22-332;2002;6.4;167;196;85.2;2448;627;90;95;94.7;64;75;85.3;8;11;72.7;0;0.3;0.2;-0.3;2;8;2;1;16;Matchs
;Eliesse Ben Seghir;ma MAR;MT,AT;Monaco;19-330;2005;12.6;444;579;76.7;6152;1890;267;315;84.8;140;180;77.8;15;37;40.5;3;3.5;2.6;-0.5;19;45;28;2;77;Matchs
;Saïd Benrahma;dz ALG;AT,MT;Lyon;29-154;1995;7.3;227;316;71.8;3322;1151;131;152;86.2;68;100;68.0;15;28;53.6;3;2.1;2.7;+0.9;14;20;17;3;29;Matchs
;Lucas Beraldo;br BRA;DF;Paris S-G;21-048;2003;9.1;789;856;92.2;13282;4927;342;359;95.3;385;407;94.6;46;64;71.9;0;0.2;0.6;-0.2;3;82;10;1;54;Matchs
;Dimitry Bertaud;cd COD;GB;Montpellier;26-219;1998;3.0;63;92;68.5;1921;1513;7;7;100.0;32;32;100.0;24;52;46.2;0;0.0;0.0;0.0;0;3;0;0;0;Matchs
;Emmanuel Biumla;fr FRA;DF;Angers;19-248;2005;9.1;256;294;87.1;5106;1623;64;76;84.2;171;180;95.0;18;31;58.1;0;0.0;0.0;0.0;0;6;1;0;8;Matchs
;Marco Bizot;nl NED;GB;Brest;33-307;1991;15.0;345;511;67.5;11342;8884;39;40;97.5;151;152;99.3;155;319;48.6;0;0.0;0.0;0.0;0;2;0;0;0;Matchs
;Ludovic Blas;fr FRA;MT,AT;Rennes;27-011;1997;14.5;420;564;74.5;7103;2023;214;241;88.8;149;199;74.9;43;93;46.2;6;2.6;2.9;+3.4;29;42;20;5;64;Matchs
;Augustine Boakye;gh GHA;MT,AT;Saint-Étienne;24-069;2000;4.5;104;132;78.8;1466;464;59;71;83.1;27;34;79.4;9;12;75.0;0;0.6;0.4;-0.6;8;9;6;0;18;Matchs
;Jeremie Boga;ci CIV;MT,AT;Nice;28-008;1997;6.9;165;204;80.9;2291;606;108;124;87.1;47;54;87.0;8;13;61.5;1;1.5;1.9;-0.5;14;8;8;3;17;Matchs
;Moïse Bombito;ca CAN;DF;Nice;24-287;2000;12.7;653;722;90.4;12117;4839;244;259;94.2;342;364;94.0;56;82;68.3;0;0.0;0.2;0.0;1;36;1;0;46;Matchs
;Saïmon Bouabré;fr FRA;MT,AT;Monaco;18-224;2006;0.8;14;21;66.7;216;67;8;10;80.0;6;9;66.7;0;0;;0;0.0;0.0;0.0;0;2;1;0;2;Matchs
;Ayyoub Bouaddi;fr FRA;MT;Lille;17-101;2007;6.5;257;292;88.0;4196;849;122;137;89.1;110;117;94.0;16;18;88.9;1;0.9;1.1;+0.1;4;20;1;0;21;Matchs
;Badredine Bouanani;dz ALG;MT,AT;Nice;20-034;2004;6.3;172;224;76.8;2535;573;109;124;87.9;50;68;73.5;11;19;57.9;0;0.7;0.8;-0.7;9;9;5;0;23;Matchs
;Benjamin Bouchouari;ma MAR;MT;Saint-Étienne;23-059;2001;8.2;334;385;86.8;4857;1628;201;222;90.5;108;122;88.5;16;24;66.7;0;0.5;0.4;-0.5;7;35;7;0;43;Matchs
;Hicham Boudaoui;dz ALG;MT;Nice;25-110;1999;11.9;417;501;83.2;6683;2118;207;237;87.3;172;197;87.3;27;38;71.1;1;0.5;1.0;+0.5;7;38;15;1;64;Matchs
;Benjamin Bourigeaud;fr FRA;MT;Rennes;30-363;1994;0.9;36;48;75.0;646;141;15;16;93.8;17;21;81.0;4;10;40.0;0;0.0;0.0;0.0;0;3;0;0;4;Matchs
;Bilal Brahimi;dz ALG;MT;Nice;24-303;2000;0.8;35;40;87.5;614;163;15;16;93.8;18;19;94.7;2;4;50.0;0;0.0;0.2;0.0;1;1;1;1;4;Matchs
;Lilian Brassier;fr FRA;DF;Marseille;25-070;1999;7.0;450;525;85.7;6958;2240;224;234;95.7;203;235;86.4;15;35;42.9;0;0.0;0.1;0.0;0;35;2;0;29;Matchs
;Aurélio Buta;pt POR;DF;Reims;27-336;1997;10.9;471;564;83.5;7167;2708;267;302;88.4;172;205;83.9;24;38;63.2;1;0.3;0.7;+0.7;7;32;9;3;48;Matchs
;Marcin Bułka;pl POL;GB;Nice;25-099;1999;16.0;427;537;79.5;10279;7047;104;106;98.1;212;219;96.8;108;208;51.9;0;0.2;0.0;-0.2;1;5;0;0;0;Matchs
;Rémy Cabella;fr FRA;AT,MT;Lille;34-309;1990;7.1;375;462;81.2;5264;1332;232;258;89.9;117;143;81.8;14;29;48.3;2;1.7;2.2;+0.3;16;23;13;5;42;Matchs
;Mathieu Cafaro;fr FRA;MT,AT;Saint-Étienne;27-292;1997;7.6;150;208;72.1;2443;665;79;98;80.6;57;74;77.0;13;31;41.9;0;1.2;1.1;-1.2;11;12;8;3;15;Matchs
;Duje Ćaleta-Car;hr CRO;DF;Lyon;28-116;1996;12.9;649;716;90.6;12420;4175;204;221;92.3;392;411;95.4;49;73;67.1;0;0.1;0.9;-0.1;2;40;0;0;31;Matchs
;;;;;;;;;;;;;;;;;;;;;;;;;;;;;;;
;Issiaga Camara;gn GUI;MT;Nice;19-344;2005;0.2;15;16;93.8;197;57;9;9;100.0;5;5;100.0;0;1;0.0;0;0.0;0.0;0.0;0;2;0;0;2;Matchs
;Lamine Camara;sn SEN;MT;Monaco;21-010;2004;11.3;572;679;84.2;10426;3029;238;277;85.9;255;275;92.7;67;104;64.4;3;2.2;2.0;+0.8;19;63;11;3;72;Matchs
;Mahdi Camara;fr FRA;MT;Brest;26-195;1998;12.5;431;500;86.2;6663;1357;211;233;90.6;188;206;91.3;15;29;51.7;1;0.8;1.0;+0.2;13;30;8;5;43;Matchs
;Axel Camblan;fr FRA;MT,AT;Brest;21-134;2003;0.3;3;7;42.9;44;23;2;5;40.0;1;2;50.0;0;0;;0;0.0;0.0;0.0;0;1;0;0;2;Matchs
;Jaydee Canvot;fr FRA;MT,DF;Toulouse;18-166;2006;1.0;26;27;96.3;454;99;12;12;100.0;12;12;100.0;2;2;100.0;0;0.0;0.0;0.0;0;1;0;0;1;Matchs
;Pierrick Capelle;fr FRA;MT;Angers;37-271;1987;3.1;94;124;75.8;1523;385;48;58;82.8;41;53;77.4;3;8;37.5;0;0.0;0.3;0.0;0;11;0;0;10;Matchs
;Gabin Capuano;fr FRA;AT;Lens;18-260;2006;0.1;2;2;100.0;22;6;2;2;100.0;0;0;;0;0;;0;0.0;0.0;0.0;0;0;0;0;0;Matchs
;Maxence Caqueret;fr FRA;MT;Lyon;24-331;2000;6.4;274;343;79.9;4339;1547;138;164;84.1;109;124;87.9;17;28;60.7;0;0.4;0.6;-0.4;10;39;10;0;50;Matchs
;Valentin Carboni;ar ARG;MT,AT;Marseille;19-312;2005;1.1;57;64;89.1;816;162;32;34;94.1;19;20;95.0;3;4;75.0;0;0.1;0.1;-0.1;3;4;4;2;4;Matchs
;Patrik Carlgren;se SWE;GB;Nantes;33-003;1992;3.0;65;93;69.9;1846;1453;13;13;100.0;26;26;100.0;25;52;48.1;0;0.0;0.0;0.0;0;1;0;0;0;Matchs
;Josué Casimir;fr FRA;AT,DF;Le Havre;23-109;2001;7.5;145;201;72.1;2377;630;75;91;82.4;54;72;75.0;13;22;59.1;1;0.7;0.3;+0.3;7;9;5;1;18;Matchs
;Cristian Cásseres Jr.;ve VEN;MT;Toulouse;24-357;2000;13.3;419;543;77.2;7224;2036;177;218;81.2;204;240;85.0;28;54;51.9;1;0.6;0.6;+0.4;11;34;4;0;47;Matchs
;Jean-Charles Castelletto;cm CMR;DF;Nantes;29-351;1995;14.8;662;740;89.5;11595;4485;263;278;94.6;343;369;93.0;44;71;62.0;0;0.0;0.2;0.0;1;51;4;0;58;Matchs
;Fabien Centonze;fr FRA;DF;Nantes;28-361;1996;0.9;40;52;76.9;606;273;24;26;92.3;12;16;75.0;3;5;60.0;0;0.2;0.2;-0.2;3;1;4;3;8;Matchs
;Brendan Chardonnet;fr FRA;DF;Brest;30-020;1994;14.0;593;727;81.6;12400;4635;175;189;92.6;329;356;92.4;84;167;50.3;0;0.3;0.3;-0.3;3;36;2;1;30;Matchs
;Jhoanner Chávez;ec ECU;DF,MT;Lens;22-261;2002;6.6;230;308;74.7;3617;1446;129;149;86.6;74;100;74.0;20;40;50.0;0;0.7;1.3;-0.7;9;10;8;5;9;Matchs
;Théo Chennahi;fr FRA;MT,DF;Montpellier;19-340;2005;0.1;2;3;66.7;33;26;1;1;100.0;1;1;100.0;0;1;0.0;0;0.0;0.0;0.0;0;1;0;0;0;Matchs
;Sidiki Cherif;fr FRA;AT;Angers;18-027;2006;3.1;27;51;52.9;390;67;18;29;62.1;9;15;60.0;0;0;;0;0.2;0.2;-0.2;2;3;1;1;2;Matchs
;Rayan Cherki;fr FRA;AT,MT;Lyon;21-147;2003;7.3;309;400;77.3;4928;1571;177;191;92.7;103;135;76.3;25;58;43.1;3;3.7;4.0;-0.7;24;27;30;2;67;Matchs
;Lucas Chevalier;fr FRA;GB;Lille;23-066;2001;17.0;399;525;76.0;9870;7083;105;105;100.0;186;190;97.9;107;228;46.9;0;0.5;0.2;-0.5;1;4;0;0;0;Matchs
;Pedro Chirivella;es ESP;MT;Nantes;27-233;1997;13.8;664;805;82.5;11693;3812;297;331;89.7;282;320;88.1;71;123;57.7;1;0.6;0.6;+0.4;9;85;10;2;83;Matchs
;Joris Chotard;fr FRA;MT;Montpellier;23-109;2001;7.5;256;310;82.6;4733;1544;118;129;91.5;106;121;87.6;30;48;62.5;0;0.3;0.6;-0.3;4;34;5;1;39;Matchs
;Yoann Cissé;fr FRA;MT;Auxerre;20-029;2004;0.0;1;2;50.0;6;0;1;2;50.0;0;0;;0;0;;0;0.0;0.0;0.0;0;0;0;0;0;Matchs
;Jonathan Clauss;fr FRA;DF,MT;Nice;32-108;1992;9.5;344;467;73.7;5781;2388;174;207;84.1;125;165;75.8;36;69;52.2;3;2.8;2.0;+0.2;15;28;12;6;39;Matchs
;Marcus Coco;fr FRA;DF;Nantes;28-201;1996;5.0;222;270;82.2;3789;1407;103;108;95.4;100;118;84.7;16;36;44.4;1;0.5;0.2;+0.5;5;18;5;3;20;Matchs
;;;;;;;;;;;;;;;;;;;;;;;;;;;;;;;
;Alois Confais;fr FRA;MT;Le Havre;28-126;1996;0.0;1;2;50.0;10;0;1;2;50.0;0;0;;0;0;;0;0.0;0.0;0.0;0;0;0;0;0;Matchs
;Derek Cornelius;ca CAN;DF;Marseille;27-047;1997;7.0;589;625;94.2;9268;3425;279;287;97.2;287;298;96.3;14;24;58.3;0;0.1;0.2;-0.1;3;39;0;0;30;Matchs
;Pierre Cornud;fr FRA;DF;Saint-Étienne;28-030;1996;4.2;180;215;83.7;3169;1076;80;88;90.9;71;80;88.8;23;34;67.6;0;0.2;0.2;-0.2;1;9;1;0;9;Matchs
;David Costa;pt POR;MT;Lens;24-006;2001;3.6;124;150;82.7;1863;605;65;72;90.3;48;58;82.8;6;10;60.0;0;0.4;0.9;-0.4;6;12;8;4;24;Matchs
;Logan Costa;cv CPV;DF;Toulouse;23-285;2001;1.0;47;56;83.9;845;482;20;20;100.0;23;26;88.5;4;9;44.4;0;0.5;0.0;-0.5;1;4;1;1;4;Matchs
;Grégoire Coudert;fr FRA;GB;Brest;25-283;1999;1.0;29;38;76.3;781;504;5;5;100.0;17;17;100.0;7;16;43.8;0;0.0;0.0;0.0;0;0;0;0;0;Matchs
;Lasso Coulibaly;gh GHA;AT,MT;Auxerre;22-084;2002;0.4;9;10;90.0;111;0;6;6;100.0;3;4;75.0;0;0;;0;0.0;0.0;0.0;0;0;0;0;0;Matchs
;Soumaïla Coulibaly;fr FRA;DF;Brest;21-089;2003;3.6;189;215;87.9;3984;1100;50;54;92.6;115;124;92.7;22;34;64.7;0;0.0;0.0;0.0;0;6;1;0;8;Matchs
;Tanguy Coulibaly;fr FRA;AT,MT;Montpellier;23-328;2001;4.9;95;128;74.2;1290;207;61;71;85.9;27;40;67.5;3;9;33.3;0;0.4;0.2;-0.4;8;4;0;0;6;Matchs
;Nicolas Cozza;fr FRA;DF,MT;Nantes;26-003;1999;12.3;333;438;76.0;5208;2041;177;211;83.9;143;168;85.1;8;35;22.9;0;0.5;0.8;-0.5;4;24;8;2;38;Matchs
;Charlie Cresswell;eng ENG;DF;Toulouse;22-147;2002;12.8;568;693;82.0;10319;3376;201;226;88.9;328;366;89.6;36;93;38.7;0;1.0;0.6;-1.0;3;20;1;0;27;Matchs
;Kévin Danois;fr FRA;MT;Auxerre;20-197;2004;9.8;363;452;80.3;5952;1697;181;209;86.6;136;160;85.0;30;49;61.2;0;0.8;1.0;-0.8;16;40;6;1;68;Matchs
;Kevin Danso;at AUT;DF;Lens;26-114;1998;11.0;592;692;85.5;10668;3789;236;259;91.1;320;345;92.8;35;75;46.7;0;1.0;0.3;-1.0;5;48;3;0;40;Matchs
;Dante;br BRA;DF;Nice;41-085;1983;8.3;514;589;87.3;8569;3513;243;260;93.5;236;250;94.4;28;62;45.2;0;0.0;0.2;0.0;0;38;3;0;45;Matchs
;Pape Daouda Diongue;sn SEN;MT,AT;Strasbourg;;;0.8;43;52;82.7;640;96;22;26;84.6;12;14;85.7;4;5;80.0;0;0.2;0.0;-0.2;1;3;0;0;1;Matchs
;Mohammed Daramy;dk DEN;AT;Reims;23-004;2002;0.2;4;4;100.0;40;16;4;4;100.0;0;0;;0;0;;0;0.1;0.2;-0.1;1;0;0;0;0;Matchs
;Jonathan David;ca CAN;AT;Lille;24-363;2000;15.1;279;342;81.6;3623;512;179;208;86.1;82;94;87.2;5;10;50.0;1;1.2;1.7;-0.2;11;13;8;0;25;Matchs
;Zuriko Davitashvili;ge GEO;MT,AT;Saint-Étienne;23-331;2001;14.2;316;399;79.2;4583;1282;177;202;87.6;110;138;79.7;12;30;40.0;2;1.7;1.9;+0.3;22;17;11;3;37;Matchs
;Théo De Percin;mq MTQ;GB;Auxerre;23-344;2001;2.0;31;58;53.4;1059;852;3;3;100.0;9;10;90.0;19;44;43.2;0;0.0;0.0;0.0;0;1;0;0;0;Matchs
;Thibault De Smet;be BEL;DF;Reims;26-220;1998;2.0;85;95;89.5;1541;474;34;38;89.5;45;45;100.0;6;9;66.7;0;0.0;0.0;0.0;0;9;0;0;7;Matchs
;Romain Del Castillo;fr FRA;AT;Brest;28-288;1996;9.6;340;481;70.7;5779;2067;174;218;79.8;111;150;74.0;43;82;52.4;3;2.4;2.9;+0.6;28;32;21;7;45;Matchs
;Ousmane Dembélé;fr FRA;AT;Paris S-G;27-241;1997;10.0;493;622;79.3;7720;2081;262;307;85.3;174;204;85.3;40;65;61.5;4;5.7;4.5;-1.7;40;49;32;2;75;Matchs
;Arthur Desmas;fr FRA;GB;Le Havre;30-279;1994;16.0;369;462;79.9;9245;5873;74;74;100.0;205;208;98.6;89;177;50.3;0;0.0;0.0;0.0;1;7;0;0;0;Matchs
;Mamadou Diakhon;fr FRA;AT,MT;Reims;19-111;2005;1.8;48;66;72.7;796;114;19;23;82.6;25;33;75.8;2;3;66.7;0;0.1;0.1;-0.1;3;3;1;0;7;Matchs
;Bafodé Diakité;fr FRA;DF;Lille;24-005;2001;17.0;1124;1215;92.5;21280;6873;349;374;93.3;684;705;97.0;80;109;73.4;1;0.1;0.4;+0.9;2;74;0;0;47;Matchs
;;;;;;;;;;;;;;;;;;;;;;;;;;;;;;;
;Oumar Diakité;ci CIV;AT;Reims;21-022;2003;12.5;204;249;81.9;2922;502;107;126;84.9;73;86;84.9;8;8;100.0;1;1.0;1.1;0.0;10;14;12;2;33;Matchs
;Habib Diarra;sn SEN;MT,AT;Strasbourg;21-008;2004;14.2;454;540;84.1;7428;1558;226;252;89.7;196;222;88.3;22;40;55.0;1;1.6;1.5;-0.6;12;40;11;4;66;Matchs
;Krépin Diatta;sn SEN;DF;Monaco;25-321;1999;2.2;91;131;69.5;1510;516;43;57;75.4;40;53;75.5;6;12;50.0;0;0.0;0.2;0.0;1;5;3;0;9;Matchs
;Kandet Diawara;gn GUI;AT;Le Havre;24-336;2000;0.0;1;2;50.0;6;0;1;2;50.0;0;0;;0;0;;0;0.0;0.0;0.0;0;0;0;0;0;Matchs
;Mahamadou Diawara;fr FRA;MT;Lyon;19-329;2005;0.2;6;7;85.7;117;60;3;4;75.0;2;2;100.0;1;1;100.0;0;0.0;0.0;0.0;0;0;0;0;1;Matchs
;Bamba Dieng;sn SEN;AT;Angers;24-294;2000;4.3;55;71;77.5;639;61;37;43;86.0;13;20;65.0;0;1;0.0;0;0.0;0.1;0.0;0;1;1;0;3;Matchs
;Kembo Diliwidi;fr FRA;DF;Lens;18-343;2006;0.0;2;3;66.7;36;22;1;1;100.0;1;2;50.0;0;0;;0;0.0;0.0;0.0;0;1;1;0;1;Matchs
;Sinaly Diomande;ci CIV;DF;Auxerre;23-277;2001;9.8;302;377;80.1;5850;2888;108;126;85.7;158;176;89.8;33;57;57.9;2;0.5;0.1;+1.5;2;25;0;0;36;Matchs
;Lois Diony;fr FRA;AT;Angers;32-022;1992;0.2;1;4;25.0;9;0;1;3;33.3;0;0;;0;0;;0;0.0;0.0;0.0;0;0;0;0;0;Matchs
;Sofiane Diop;fr FRA;MT,AT;Nice;24-216;2000;6.2;239;307;77.9;3753;1221;130;153;85.0;82;103;79.6;16;36;44.4;2;1.0;1.1;+1.0;13;24;7;0;29;Matchs
;Andy Diouf;fr FRA;MT;Lens;21-239;2003;12.4;417;544;76.7;5620;1507;257;297;86.5;122;148;82.4;17;41;41.5;1;0.9;1.3;+0.1;11;26;14;1;65;Matchs
;Yehvann Diouf;fr FRA;GB;Reims;25-056;1999;16.0;412;592;69.6;11097;8173;79;80;98.8;209;213;98.1;122;291;41.9;0;0.0;0.0;0.0;0;7;0;0;0;Matchs
;Assane Dioussé;sn SEN;MT;Auxerre;27-113;1997;1.9;76;82;92.7;1455;429;38;38;100.0;26;28;92.9;12;14;85.7;0;0.0;0.0;0.0;1;5;0;0;10;Matchs
;Álex Domínguez;es ESP;GB;Toulouse;26-165;1998;0.2;8;11;72.7;255;195;2;2;100.0;2;2;100.0;3;6;50.0;0;0.0;0.0;0.0;0;0;0;0;0;Matchs
;Gianluigi Donnarumma;it ITA;GB;Paris S-G;25-321;1999;11.2;279;321;86.9;6088;3695;64;64;100.0;165;166;99.4;49;90;54.4;0;0.0;0.0;0.0;0;1;0;0;0;Matchs
;Désiré Doué;fr FRA;AT;Paris S-G;19-222;2005;6.5;259;315;82.2;3849;774;156;169;92.3;81;101;80.2;14;28;50.0;2;2.4;1.6;-0.4;18;17;13;5;35;Matchs
;Guela Doué;ci CIV;DF;Strasbourg;22-086;2002;15.0;860;1030;83.5;15815;6708;315;333;94.6;469;546;85.9;65;120;54.2;0;0.2;0.4;-0.2;5;71;7;4;73;Matchs
;Douglas;br BRA;MT;Nantes;27-364;1997;14.4;605;705;85.8;10107;3206;273;306;89.2;271;297;91.2;42;65;64.6;2;1.0;0.7;+1.0;10;70;8;1;79;Matchs
;Ismaël Doukouré;fr FRA;MT,DF;Strasbourg;21-171;2003;12.8;577;667;86.5;10138;2790;236;261;90.4;285;316;90.2;44;66;66.7;1;0.7;0.3;+0.3;8;47;0;0;50;Matchs
;Kamory Doumbia;ml MLI;MT,AT;Brest;21-328;2003;6.5;262;319;82.1;4233;886;130;139;93.5;95;111;85.6;22;44;50.0;1;0.5;0.7;+0.5;10;21;4;0;30;Matchs
;Amidou Doumbouya;fr FRA;DF;Nice;17-159;2007;0.5;19;25;76.0;252;66;13;14;92.9;6;9;66.7;0;0;;0;0.0;0.0;0.0;0;0;0;0;1;Matchs
;Jean-Kevin Duverne;ht HAI;DF;Nantes;27-183;1997;6.0;238;304;78.3;3826;1571;123;141;87.2;96;112;85.7;17;37;45.9;0;0.1;0.1;-0.1;1;22;2;2;22;Matchs
;Stefan Džodić;rs SRB;DF,MT;Montpellier;19-302;2005;2.1;112;123;91.1;2026;757;42;46;91.3;66;69;95.7;3;7;42.9;0;0.0;0.0;0.0;0;9;0;0;7;Matchs
;Aron Dønnum;no NOR;DF,MT;Toulouse;26-266;1998;13.0;367;496;74.0;6039;2076;205;225;91.1;127;172;73.8;30;69;43.5;0;0.7;1.3;-0.7;8;26;11;1;53;Matchs
;Jacques Ekomie;ga GAB;DF;Angers;21-145;2003;3.2;95;138;68.8;1270;572;61;68;89.7;28;44;63.6;3;11;27.3;0;0.0;0.0;0.0;0;4;0;0;8;Matchs
;;;;;;;;;;;;;;;;;;;;;;;;;;;;;;;
;Pierre Ekwah Elimby;fr FRA;MT,DF;Saint-Étienne;22-362;2002;12.7;555;629;88.2;9619;2900;244;263;92.8;251;265;94.7;44;75;58.7;0;0.2;0.5;-0.2;6;50;6;0;51;Matchs
;Breel Embolo;ch SUI;AT;Monaco;27-332;1997;10.1;131;182;72.0;1815;359;85;112;75.9;30;36;83.3;10;14;71.4;2;2.5;1.3;-0.5;15;5;11;0;22;Matchs
;Emanuel Emegha;nl NED;AT;Strasbourg;21-343;2003;9.7;85;116;73.3;1019;81;54;71;76.1;21;25;84.0;1;1;100.0;2;1.7;0.3;+0.3;8;2;2;0;3;Matchs
;Romain Faivre;fr FRA;MT,AT;Brest;26-181;1998;5.6;148;181;81.8;2347;694;86;101;85.1;49;56;87.5;11;15;73.3;2;0.7;1.1;+1.3;6;19;3;0;22;Matchs
;Khalil Fayad;fr FRA;MT,AT;Montpellier;20-216;2004;3.1;135;156;86.5;2493;711;62;69;89.9;52;58;89.7;19;26;73.1;0;0.2;0.3;-0.2;4;13;2;0;18;Matchs
;Zinedine Ferhat;dz ALG;AT,MT;Angers;31-316;1993;2.8;98;144;68.1;1665;573;51;62;82.3;30;47;63.8;14;26;53.8;0;0.4;0.7;-0.4;4;7;5;1;16;Matchs
;Edimilson Fernandes;ch SUI;MT;Brest;28-271;1996;5.7;249;282;88.3;4503;1041;101;108;93.5;114;124;91.9;27;35;77.1;0;0.5;0.2;-0.5;3;16;0;0;18;Matchs
;Matias Fernandez-Pardo;be BEL;AT;Lille;19-343;2005;4.9;95;131;72.5;1453;308;49;64;76.6;37;43;86.0;5;10;50.0;1;1.1;0.7;-0.1;6;4;4;0;10;Matchs
;Jordan Ferri;fr FRA;MT;Montpellier;32-305;1992;9.8;511;571;89.5;9220;2457;216;231;93.5;224;241;92.9;58;81;71.6;1;0.5;0.8;+0.5;8;51;3;3;66;Matchs
;Karol Fila;pl POL;MT;Strasbourg;26-212;1998;0.1;2;4;50.0;18;0;1;1;100.0;0;0;;0;1;0.0;0;0.0;0.0;0.0;0;0;0;0;0;Matchs
;Malick Fofana;be BEL;AT;Lyon;19-286;2005;10.0;270;353;76.5;3899;915;164;189;86.8;87;111;78.4;10;22;45.5;2;1.3;2.6;+0.7;10;15;17;9;27;Matchs
;Seko Fofana;ci CIV;MT;Rennes;29-249;1995;0.3;23;27;85.2;297;23;17;18;94.4;6;7;85.7;0;2;0.0;0;0.0;0.0;0.0;0;3;0;0;0;Matchs
;Yahia Fofana;ci CIV;GB;Angers;24-143;2000;16.0;347;498;69.7;9976;7172;54;54;100.0;172;175;98.3;121;267;45.3;0;0.0;0.0;0.0;0;4;0;0;0;Matchs
;Lamine Fomba;fr FRA;MT;Saint-Étienne;26-351;1998;0.8;33;43;76.7;734;257;12;16;75.0;14;17;82.4;7;10;70.0;0;0.0;0.0;0.0;0;6;0;0;6;Matchs
;Przemysław Frankowski;pl POL;DF;Lens;29-274;1995;11.5;661;822;80.4;10179;3921;368;413;89.1;236;277;85.2;37;71;52.1;1;1.3;1.7;-0.3;13;68;23;5;86;Matchs
;Angelo Fulgini;fr FRA;MT,AT;Lens;28-144;1996;7.4;305;390;78.2;4445;1221;179;202;88.6;84;104;80.8;22;45;48.9;1;1.8;1.6;-0.8;11;19;16;4;42;Matchs
;Gauthier Gallon;fr FRA;GB;Rennes;31-263;1993;0.5;16;19;84.2;277;175;7;7;100.0;7;7;100.0;2;5;40.0;0;0.0;0.0;0.0;0;0;0;0;0;Matchs
;Ignatius Ganago;cm CMR;AT,MT;Nantes;25-330;1999;2.7;59;77;76.6;859;169;32;39;82.1;25;30;83.3;1;3;33.3;0;0.3;0.1;-0.3;5;2;1;1;9;Matchs
;Ulisses Garcia;ch SUI;DF;Marseille;29-000;1996;4.6;214;261;82.0;3205;801;118;133;88.7;77;94;81.9;11;16;68.8;1;0.7;0.6;+0.3;4;10;6;4;14;Matchs
;Jean-Philippe Gbamin;ci CIV;MT;Nantes;29-108;1995;2.3;88;113;77.9;1320;412;51;64;79.7;30;34;88.2;4;8;50.0;0;0.0;0.0;0.0;0;11;1;0;12;Matchs
;Yann Gboho;fr FRA;MT,AT;Toulouse;23-363;2001;14.2;205;308;66.6;2978;1053;118;152;77.6;66;92;71.7;11;18;61.1;2;2.1;2.5;-0.1;13;24;15;0;53;Matchs
;Denis Genreau;au AUS;MT,AT;Toulouse;25-235;1999;0.5;26;35;74.3;379;181;16;18;88.9;6;7;85.7;2;6;33.3;0;0.4;0.3;-0.4;4;1;3;0;6;Matchs
;Aleksandr Golovin;ru RUS;MT,AT;Monaco;28-226;1996;10.8;451;577;78.2;7175;2569;236;282;83.7;150;182;82.4;47;76;61.8;0;2.2;2.6;-2.2;21;64;23;2;100;Matchs
;André Gomes;pt POR;MT;Lille;31-165;1993;5.3;299;338;88.5;4963;1235;143;150;95.3;118;132;89.4;27;35;77.1;0;0.2;0.8;-0.2;4;27;6;0;30;Matchs
;Angel Gomes;eng ENG;MT;Lille;24-133;2000;7.1;242;300;80.7;3930;1155;117;139;84.2;99;115;86.1;17;26;65.4;1;2.1;1.5;-1.1;14;25;14;3;43;Matchs
;;;;;;;;;;;;;;;;;;;;;;;;;;;;;;;
;Carlos Gómez;co COL;MT,AT;Rennes;22-121;2002;3.1;70;96;72.9;992;231;42;48;87.5;22;34;64.7;4;10;40.0;0;0.2;0.2;-0.2;4;2;4;2;6;Matchs
;Amine Gouiri;dz ALG;MT,AT;Rennes;24-330;2000;10.0;236;305;77.4;3296;760;140;163;85.9;65;84;77.4;14;24;58.3;1;0.3;0.6;+0.7;6;17;8;0;39;Matchs
;Jonathan Gradit;fr FRA;DF;Lens;32-048;1992;8.3;371;453;81.9;6486;2987;150;170;88.2;196;224;87.5;22;50;44.0;0;0.4;0.3;-0.4;4;42;6;2;52;Matchs
;Samuel Grandsir;fr FRA;MT,AT;Le Havre;28-150;1996;0.9;20;32;62.5;357;133;10;14;71.4;8;12;66.7;2;5;40.0;0;0.6;0.3;-0.6;3;8;2;1;6;Matchs
;Mason Greenwood;eng ENG;AT,MT;Marseille;23-102;2001;15.1;558;716;77.9;9527;2121;268;318;84.3;218;257;84.8;57;105;54.3;2;2.9;4.6;-0.9;21;31;34;9;62;Matchs
;Albert Grønbaek;dk DEN;MT,AT;Rennes;23-233;2001;8.8;154;244;63.1;2362;825;92;117;78.6;43;66;65.2;13;34;38.2;1;1.0;0.9;0.0;19;9;13;0;30;Matchs
;Gabriel Gudmundsson;se SWE;DF;Lille;25-257;1999;12.0;485;601;80.7;7881;2068;249;281;88.6;203;242;83.9;26;54;48.1;0;0.8;1.0;-0.8;10;35;10;7;59;Matchs
;Axel Gueguin;fr FRA;AT;Montpellier;19-293;2005;0.3;5;6;83.3;75;34;3;3;100.0;2;2;100.0;0;0;;0;0.0;0.1;0.0;0;0;0;0;1;Matchs
;Evann Guessand;ci CIV;AT,MT;Nice;23-194;2001;15.4;214;278;77.0;3100;872;125;148;84.5;78;97;80.4;6;13;46.2;4;2.6;2.9;+1.4;15;22;14;1;47;Matchs
;Bahereba Guirassy;fr FRA;AT,MT;Nantes;18-135;2006;1.2;24;41;58.5;324;53;14;21;66.7;8;10;80.0;1;3;33.3;0;0.1;0.1;-0.1;1;2;0;0;2;Matchs
;Massadio Haïdara;ml MLI;DF;Brest;32-040;1992;7.2;263;340;77.4;3883;1554;141;150;94.0;111;147;75.5;5;27;18.5;0;0.0;0.1;0.0;0;21;2;0;32;Matchs
;Achraf Hakimi;ma MAR;DF;Paris S-G;26-068;1998;13.4;1098;1245;88.2;14392;4284;717;760;94.3;303;354;85.6;28;46;60.9;5;4.7;4.1;+0.3;35;73;24;6;100;Matchs
;Florent Hanin;dz ALG;DF;Angers;34-342;1990;12.7;546;715;76.4;9054;3999;290;328;88.4;193;272;71.0;52;88;59.1;1;1.3;1.3;-0.3;14;50;15;11;49;Matchs
;Amine Harit;ma MAR;MT;Marseille;27-207;1997;5.2;188;225;83.6;2667;787;110;118;93.2;67;75;89.3;6;14;42.9;3;1.3;0.9;+1.7;16;18;6;0;33;Matchs
;Hans Hateboer;nl NED;DF;Rennes;31-002;1994;11.3;585;693;84.4;10290;3698;232;249;93.2;293;335;87.5;45;72;62.5;0;1.4;1.2;-1.4;11;50;9;4;59;Matchs
;Luis Henrique;br BRA;AT,DF;Marseille;23-028;2001;13.6;451;566;79.7;6959;1932;259;298;86.9;151;189;79.9;31;55;56.4;4;1.6;1.8;+2.4;20;35;12;3;53;Matchs
;Lucas Hernández;fr FRA;DF;Paris S-G;28-332;1996;0.6;45;54;83.3;821;275;19;20;95.0;20;23;87.0;4;6;66.7;0;0.0;0.0;0.0;0;7;0;0;6;Matchs
;Ki-Jana Hoever;nl NED;DF;Auxerre;22-359;2002;11.3;316;471;67.1;5443;2362;150;192;78.1;128;193;66.3;32;52;61.5;1;1.0;1.0;0.0;11;26;19;11;39;Matchs
;Cédric Hountondji;bj BEN;DF;Angers;30-358;1994;3.0;85;100;85.0;1652;391;25;30;83.3;53;57;93.0;6;12;50.0;0;0.0;0.0;0.0;0;3;0;0;1;Matchs
;Ilyes Housni;fr FRA;AT;Le Havre;19-242;2005;2.2;32;49;65.3;406;79;21;27;77.8;8;11;72.7;0;1;0.0;0;0.2;0.3;-0.2;1;1;0;0;3;Matchs
;Pierre Højbjerg;dk DEN;MT;Marseille;29-159;1995;14.9;1279;1380;92.7;19749;6043;693;731;94.8;506;532;95.1;52;75;69.3;0;0.7;1.5;-0.7;14;99;14;0;110;Matchs
;George Ilenikhena;fr FRA;AT;Monaco;18-148;2006;6.1;55;82;67.1;697;133;34;50;68.0;14;15;93.3;1;1;100.0;2;1.3;0.4;+0.7;7;2;2;0;5;Matchs
;Rareş Ilie;ro ROU;MT;Nice;21-267;2003;0.1;8;10;80.0;160;84;4;5;80.0;2;2;100.0;2;2;100.0;0;0.4;0.2;-0.4;4;1;2;0;3;Matchs
;Ismaily;br BRA;DF;Lille;35-000;1990;1.8;115;128;89.8;1557;409;71;77;92.2;39;44;88.6;1;2;50.0;0;0.1;0.7;-0.1;1;4;1;0;12;Matchs
;Yanis Issoufou;fr FRA;MT,AT;Montpellier;18-075;2006;0.9;10;20;50.0;131;32;7;10;70.0;3;4;75.0;0;2;0.0;0;0.0;0.0;0.0;0;0;1;0;2;Matchs
;;;;;;;;;;;;;;;;;;;;;;;;;;;;;;;
;Junya Ito;jp JPN;AT;Reims;31-308;1993;15.6;431;659;65.4;6984;2779;226;268;84.3;137;207;66.2;48;120;40.0;3;4.7;6.1;-1.7;50;44;44;18;82;Matchs
;Ismail Jakobs;sn SEN;DF;Monaco;25-147;1999;2.0;85;105;81.0;1245;497;49;55;89.1;22;30;73.3;8;11;72.7;0;0.2;0.2;-0.2;4;7;5;3;6;Matchs
;Jordan James;wls WAL;MT;Rennes;20-193;2004;4.4;198;224;88.4;3193;811;96;109;88.1;76;81;93.8;16;21;76.2;0;0.4;0.3;-0.4;5;17;5;0;21;Matchs
;Karl-Johan Johnsson;se SWE;GB;Strasbourg;34-349;1990;3.0;107;129;82.9;2158;1272;32;32;100.0;63;65;96.9;12;32;37.5;0;0.0;0.0;0.0;0;0;0;0;0;Matchs
;Paul Joly;fr FRA;DF;Auxerre;24-218;2000;6.5;272;388;70.1;4878;1688;121;145;83.4;117;154;76.0;31;71;43.7;1;1.1;0.8;-0.1;10;25;9;6;31;Matchs
;Jota;pt POR;AT,MT;Rennes;25-287;1999;3.7;95;132;72.0;1498;360;45;53;84.9;39;51;76.5;5;13;38.5;0;0.3;0.4;-0.3;5;10;6;2;16;Matchs
;Antoine Joujou;fr FRA;MT,AT;Le Havre;21-305;2003;4.4;61;101;60.4;883;214;37;55;67.3;14;26;53.8;5;8;62.5;1;0.6;0.8;+0.4;5;4;4;2;7;Matchs
;Jubal;br BRA;DF;Auxerre;31-135;1993;14.4;412;488;84.4;8313;2677;112;124;90.3;254;271;93.7;44;84;52.4;0;0.4;0.4;-0.4;2;13;4;0;17;Matchs
;Hamed Junior Traorè;ci CIV;MT;Auxerre;24-330;2000;13.0;234;329;71.1;3508;1130;128;150;85.3;72;99;72.7;19;47;40.4;1;1.4;0.9;-0.4;13;25;14;3;51;Matchs
;Yaya Kader Fofana;ml MLI;MT,AT;Reims;20-213;2004;7.0;177;232;76.3;2512;795;113;134;84.3;44;63;69.8;12;19;63.2;1;1.7;1.0;-0.7;7;14;10;1;22;Matchs
;Tino Kadewere;zw ZIM;MT,AT;Nantes;29-006;1996;5.3;110;149;73.8;1608;479;59;77;76.6;42;50;84.0;4;6;66.7;2;1.0;0.5;+1.0;8;6;3;0;16;Matchs
;Arnaud Kalimuendo;fr FRA;AT;Rennes;22-357;2002;13.1;185;241;76.8;2823;428;99;119;83.2;61;67;91.0;13;15;86.7;0;0.5;1.1;-0.5;5;12;6;1;28;Matchs
;Waren Kamanzi;no NOR;DF,MT;Toulouse;24-061;2000;7.6;246;307;80.1;3590;1001;140;158;88.6;92;109;84.4;8;16;50.0;0;0.3;0.2;-0.3;6;17;5;0;22;Matchs
;Glen Kamara;fi FIN;MT;Rennes;29-075;1995;7.4;372;412;90.3;5500;1464;213;234;91.0;130;136;95.6;19;20;95.0;1;0.2;0.7;+0.8;5;34;8;0;34;Matchs
;Nordine Kandil;fr FRA;MT;Strasbourg;23-072;2001;0.1;3;6;50.0;51;6;1;2;50.0;2;2;100.0;0;1;0.0;0;0.0;0.0;0.0;0;0;0;0;0;Matchs
;Lee Kang-in;kr KOR;AT,MT;Paris S-G;23-327;2001;10.1;638;737;86.6;9276;2295;387;412;93.9;172;198;86.9;51;81;63.0;2;3.0;3.7;-1.0;35;49;29;5;78;Matchs
;Yassine Kechta;ma MAR;MT,AT;Le Havre;22-321;2002;11.4;296;378;78.3;4674;1433;160;185;86.5;105;130;80.8;23;35;65.7;0;0.3;0.6;-0.3;9;28;7;3;39;Matchs
;Thilo Kehrer;de GER;DF;Monaco;28-112;1996;14.0;889;989;89.9;16345;6935;309;329;93.9;505;539;93.7;66;103;64.1;0;0.3;0.3;-0.3;3;55;1;0;67;Matchs
;Reda Khadra;de GER;MT,AT;Reims;23-191;2001;0.9;22;30;73.3;338;98;13;13;100.0;9;12;75.0;0;4;0.0;0;0.0;0.0;0.0;1;1;1;0;4;Matchs
;Wahbi Khazri;tn TUN;AT,MT;Montpellier;33-338;1991;7.5;142;217;65.4;2468;820;75;94;79.8;39;61;63.9;20;42;47.6;1;1.2;1.1;-0.2;13;17;5;3;20;Matchs
;Abdukodir Khusanov;uz UZB;DF;Lens;20-317;2004;10.8;483;548;88.1;8942;3769;174;188;92.6;255;276;92.4;43;64;67.2;0;0.3;0.2;-0.3;2;39;4;1;43;Matchs
;Joshua King;no NOR;AT,MT;Toulouse;32-362;1992;10.0;138;196;70.4;1784;380;86;108;79.6;41;56;73.2;3;9;33.3;1;1.5;1.2;-0.5;10;8;7;1;20;Matchs
;Cédric Kipré;ci CIV;DF;Reims;28-033;1996;10.8;483;556;86.9;9005;3329;177;196;90.3;259;287;90.2;41;59;69.5;1;0.6;0.7;+0.4;5;29;1;0;33;Matchs
;Hervé Koffi;bf BFA;GB;Lens;28-087;1996;1.0;18;23;78.3;396;246;5;5;100.0;9;9;100.0;4;9;44.4;0;0.0;0.0;0.0;0;0;0;0;0;Matchs
;Philipp Köhn;ch SUI;GB;Monaco;26-284;1998;10.0;224;295;75.9;5664;4128;40;40;100.0;120;125;96.0;64;130;49.2;0;0.0;0.0;0.0;0;1;0;0;0;Matchs
;;;;;;;;;;;;;;;;;;;;;;;;;;;;;;;
;Randal Kolo Muani;fr FRA;AT;Paris S-G;26-037;1998;4.0;57;78;73.1;755;123;37;50;74.0;14;17;82.4;2;3;66.7;1;0.9;0.6;+0.1;5;0;3;0;5;Matchs
;Geoffrey Kondogbia;cf CTA;DF,MT;Marseille;31-331;1993;12.2;843;909;92.7;13452;4417;419;436;96.1;379;394;96.2;32;58;55.2;0;0.1;0.5;-0.1;2;59;8;1;51;Matchs
;Abdoul Koné;fr FRA;DF;Reims;19-264;2005;1.2;32;48;66.7;690;164;11;13;84.6;16;20;80.0;5;9;55.6;0;0.0;0.0;0.0;0;1;0;0;3;Matchs
;Amadou Koné;ml MLI;MT;Reims;19-242;2005;5.9;249;276;90.2;4605;1278;101;113;89.4;114;122;93.4;27;32;84.4;0;0.0;0.1;0.0;2;26;2;0;37;Matchs
;Ismaël Koné;ca CAN;MT,AT;Marseille;22-219;2002;4.0;156;180;86.7;2484;457;79;91;86.8;65;72;90.3;8;9;88.9;0;0.4;0.2;-0.4;4;9;1;0;10;Matchs
;Emmanuel Koum Mbondo;fr FRA;DF;Marseille;18-341;2006;0.1;8;9;88.9;101;26;4;5;80.0;3;3;100.0;0;0;;0;0.0;0.0;0.0;0;0;0;0;0;Matchs
;Boubakar Kouyaté;ml MLI;DF;Montpellier;27-271;1997;1.2;21;28;75.0;443;186;7;9;77.8;9;10;90.0;5;7;71.4;0;0.0;0.0;0.0;0;0;0;0;1;Matchs
;Sael Kumbedi;fr FRA;DF;Lyon;19-291;2005;2.0;77;92;83.7;1149;304;44;46;95.7;31;37;83.8;2;6;33.3;0;0.1;0.1;-0.1;1;5;1;1;6;Matchs
;Daler Kuzyaev;ru RUS;MT;Le Havre;31-362;1993;6.3;211;260;81.2;3222;949;116;133;87.2;74;94;78.7;12;21;57.1;0;0.6;0.7;-0.6;2;12;3;0;32;Matchs
;Rémy Labeau Lascary;gp GLP;AT,MT;Lens;21-314;2003;7.1;127;174;73.0;1772;335;74;94;78.7;39;53;73.6;6;9;66.7;1;1.1;0.6;-0.1;7;7;9;6;7;Matchs
;Gaëtan Laborde;fr FRA;AT;Nice;30-253;1994;5.1;88;133;66.2;1284;197;53;62;85.5;25;42;59.5;5;11;45.5;2;0.2;0.3;+1.8;2;4;2;1;9;Matchs
;Alexandre Lacazette;fr FRA;AT;Lyon;33-228;1991;11.5;201;288;69.8;2726;758;129;163;79.1;55;80;68.8;9;19;47.4;2;2.9;3.0;-0.9;19;14;20;4;44;Matchs
;Alban Lafont;fr FRA;GB;Nantes;25-354;1999;12.0;256;367;69.8;7058;5292;41;41;100.0;147;147;100.0;68;177;38.4;0;0.0;0.0;0.0;2;10;0;0;0;Matchs
;Kenny Lala;mg MAD;DF;Brest;33-100;1991;12.8;650;820;79.3;13060;4880;244;276;88.4;289;351;82.3;111;169;65.7;1;0.8;1.9;+0.2;14;63;20;7;62;Matchs
;Mohamed Lamine Bayo;gn GUI;AT,MT;Lille;26-221;1998;2.5;29;42;69.0;350;61;19;23;82.6;8;12;66.7;0;1;0.0;0;0.2;0.1;-0.2;2;1;0;0;2;Matchs
;Gautier Larsonneur;fr FRA;GB;Saint-Étienne;27-323;1997;16.0;395;619;63.8;10693;8136;63;63;100.0;223;227;98.2;109;327;33.3;0;0.0;0.0;0.0;0;7;0;0;0;Matchs
;Julien Le Cardinal;fr FRA;DF;Brest;27-161;1997;8.8;378;440;85.9;7983;2999;123;136;90.4;187;197;94.9;63;98;64.3;1;0.2;0.1;+0.8;3;22;0;0;20;Matchs
;Jérémy Le Douaron;fr FRA;AT;Brest;26-265;1998;1.1;11;14;78.6;181;36;6;8;75.0;4;5;80.0;1;1;100.0;0;0.0;0.0;0.0;0;0;0;0;1;Matchs
;Benjamin Lecomte;fr FRA;GB;Montpellier;33-260;1991;13.0;348;504;69.0;9993;8008;54;54;100.0;153;155;98.7;138;292;47.3;0;0.1;0.1;-0.1;2;14;1;0;1;Matchs
;Pierre Lees-Melou;fr FRA;MT;Brest;31-231;1993;3.9;225;256;87.9;4278;1331;99;108;91.7;85;92;92.4;38;43;88.4;0;0.1;0.3;-0.1;2;22;4;0;34;Matchs
;Jordan Lefort;fr FRA;DF;Angers;31-155;1993;16.0;732;888;82.4;13770;6765;289;311;92.9;365;400;91.3;74;150;49.3;1;0.9;0.7;+0.1;7;45;6;3;49;Matchs
;Félix Lemaréchal;fr FRA;AT,MT;Strasbourg;21-157;2003;3.8;98;124;79.0;1395;249;58;69;84.1;28;35;80.0;6;11;54.5;1;0.4;0.3;+0.6;5;3;2;0;10;Matchs
;Donovan Léon;gf GUF;GB;Auxerre;32-069;1992;15.0;300;519;57.8;10330;8760;41;41;100.0;123;123;100.0;136;354;38.4;2;0.4;0.1;+1.6;3;15;1;0;0;Matchs
;Esteban Lepaul;fr FRA;AT,MT;Angers;24-268;2000;3.3;67;86;77.9;1062;204;29;34;85.3;30;36;83.3;4;6;66.7;0;0.1;0.4;-0.1;2;5;4;1;10;Matchs
;Johann Lepenant;fr FRA;MT;Nantes;22-081;2002;11.7;301;387;77.8;4760;1286;163;185;88.1;111;136;81.6;19;32;59.4;1;0.8;1.3;+0.2;5;40;6;0;47;Matchs
;;;;;;;;;;;;;;;;;;;;;;;;;;;;;;;
;Louis Leroux;fr FRA;MT,AT;Nantes;18-354;2006;0.2;10;11;90.9;160;31;6;6;100.0;2;3;66.7;1;1;100.0;0;0.1;0.0;-0.1;1;2;1;0;1;Matchs
;Pol Lirola;es ESP;DF;Marseille;27-151;1997;4.0;141;184;76.6;2116;384;78;91;85.7;53;65;81.5;4;13;30.8;1;0.2;0.1;+0.8;3;2;2;1;7;Matchs
;Gautier Lloris;fr FRA;DF;Le Havre;29-177;1995;16.0;715;820;87.2;13391;5240;272;297;91.6;371;394;94.2;64;109;58.7;0;0.5;0.3;-0.5;2;52;2;0;70;Matchs
;Andy Logbo;fr FRA;AT;Le Havre;20-250;2004;0.3;3;4;75.0;36;0;1;2;50.0;1;1;100.0;0;0;;0;0.0;0.0;0.0;0;0;0;0;0;Matchs
;Anthony Lopes;pt POR;GB;Nantes;34-102;1990;2.0;35;75;46.7;1103;863;3;3;100.0;18;18;100.0;14;54;25.9;0;0.0;0.0;0.0;0;1;0;0;0;Matchs
;Jordan Lotomba;ch SUI;MT,DF;Nice;26-104;1998;0.4;17;21;81.0;249;51;10;10;100.0;7;10;70.0;0;1;0.0;0;0.0;0.0;0.0;0;1;0;0;3;Matchs
;Tom Louchet;fr FRA;DF,MT;Nice;21-252;2003;5.3;235;290;81.0;3834;1465;132;143;92.3;83;103;80.6;19;32;59.4;0;0.7;0.8;-0.7;9;20;6;2;21;Matchs
;Milos Lukovic;rs SRB;AT,MT;Strasbourg;19-054;2005;0.1;2;3;66.7;43;0;0;0;;2;3;66.7;0;0;;0;0.0;0.0;0.0;0;0;0;0;0;Matchs
;Othmane Maamma;ma MAR;AT,MT;Montpellier;19-097;2005;0.7;10;12;83.3;192;33;6;6;100.0;1;2;50.0;3;4;75.0;1;0.2;0.5;+0.8;1;1;1;1;1;Matchs
;Deiver Machado;co COL;DF,MT;Lens;31-131;1993;6.9;251;305;82.3;3357;1049;162;174;93.1;70;89;78.7;7;18;38.9;0;0.6;1.0;-0.6;7;8;10;8;14;Matchs
;Yvann Macon;fr FRA;DF;Saint-Étienne;26-102;1998;3.2;123;166;74.1;2076;599;63;72;87.5;49;68;72.1;10;22;45.5;0;0.1;0.1;-0.1;4;12;2;0;15;Matchs
;Eros Maddy;nl NED;DF;Auxerre;23-341;2001;0.1;3;3;100.0;36;9;2;2;100.0;1;1;100.0;0;0;;0;0.0;0.0;0.0;0;0;0;0;0;Matchs
;Soungoutou Magassa;fr FRA;MT;Monaco;21-095;2003;7.3;344;407;84.5;6069;1751;151;173;87.3;161;173;93.1;27;45;60.0;0;0.3;0.3;-0.3;3;42;7;0;38;Matchs
;Hugo Magnetti;fr FRA;MT;Brest;26-226;1998;12.0;414;490;84.5;6533;1399;208;232;89.7;181;203;89.2;18;37;48.6;0;0.4;0.4;-0.4;5;35;1;0;37;Matchs
;Frank Magri;cm CMR;AT;Toulouse;25-129;1999;4.1;48;71;67.6;674;142;25;32;78.1;18;25;72.0;2;4;50.0;0;0.2;0.2;-0.2;2;5;2;0;11;Matchs
;Ainsley Maitland-Niles;eng ENG;DF;Lyon;27-135;1997;12.1;513;623;82.3;8079;2578;271;302;89.7;198;229;86.5;30;53;56.6;2;1.9;1.8;+0.1;13;35;15;2;56;Matchs
;Radosław Majecki;pl POL;GB;Monaco;25-056;1999;7.0;157;213;73.7;3564;2481;40;40;100.0;86;86;100.0;30;86;34.9;0;0.0;0.0;0.0;0;1;0;0;0;Matchs
;Nikola Maksimović;rs SRB;DF;Montpellier;33-047;1991;6.5;288;310;92.9;5904;1883;77;82;93.9;172;177;97.2;36;46;78.3;0;0.0;0.1;0.0;2;12;2;0;11;Matchs
;Hianga Mananga Mbock;fr FRA;MT;Brest;25-014;1999;0.2;14;17;82.4;232;77;8;9;88.9;6;7;85.7;0;1;0.0;0;0.0;0.0;0.0;0;0;0;0;0;Matchs
;Steve Mandanda;fr FRA;GB;Rennes;39-289;1985;15.5;333;478;69.7;8906;6673;67;67;100.0;161;167;96.4;104;242;43.0;0;0.1;0.0;-0.1;2;8;0;0;0;Matchs
;Aïssa Mandi;dz ALG;DF;Lille;33-081;1991;11.3;605;679;89.1;12177;3731;209;228;91.7;296;316;93.7;92;112;82.1;0;0.2;0.3;-0.2;2;66;5;2;54;Matchs
;Orel Mangala;be BEL;MT;Lyon;26-299;1998;0.7;29;32;90.6;535;176;10;10;100.0;11;11;100.0;6;6;100.0;0;0.0;0.1;0.0;1;5;0;0;7;Matchs
;Sekou Mara;fr FRA;AT,MT;Strasbourg;22-165;2002;6.7;101;140;72.1;1406;255;60;74;81.1;35;46;76.1;2;5;40.0;1;1.0;0.5;0.0;5;8;2;0;8;Matchs
;Marquinhos;br BRA;DF;Paris S-G;30-242;1994;11.3;1028;1086;94.7;19383;5795;340;353;96.3;584;598;97.7;97;120;80.8;0;0.2;0.5;-0.2;4;121;3;1;87;Matchs
;Jonas Martin;fr FRA;MT;Brest;34-277;1990;5.1;240;273;87.9;3811;941;128;139;92.1;90;99;90.9;15;21;71.4;0;0.3;0.4;-0.3;3;17;3;2;19;Matchs
;;;;;;;;;;;;;;;;;;;;;;;;;;;;;;;
;Han-Noah Massengo;fr FRA;MT;Auxerre;23-188;2001;0.3;3;8;37.5;53;36;0;2;0.0;3;5;60.0;0;1;0.0;0;0.0;0.0;0.0;0;0;0;0;0;Matchs
;Clinton Mata;ao ANG;DF;Lyon;32-065;1992;12.1;578;682;84.8;9893;3447;266;282;94.3;267;304;87.8;41;80;51.3;3;1.1;1.6;+1.9;9;36;11;6;43;Matchs
;Eliot Matazo;be BEL;MT;Monaco;22-331;2002;0.8;35;41;85.4;533;168;16;20;80.0;16;16;100.0;1;1;100.0;0;0.1;0.0;-0.1;1;1;0;0;7;Matchs
;Nemanja Matić;rs SRB;MT;Lyon;36-163;1988;11.1;582;679;85.7;9976;3015;267;299;89.3;248;273;90.8;50;74;67.6;0;0.6;0.9;-0.6;8;87;5;1;87;Matchs
;Azor Matusiwa;nl NED;MT;Rennes;26-258;1998;13.2;594;677;87.7;9695;2752;302;341;88.6;239;261;91.6;44;50;88.0;0;0.6;1.0;-0.6;10;66;16;1;79;Matchs
;Neal Maupay;fr FRA;AT;Marseille;28-150;1996;7.4;158;191;82.7;2146;407;93;108;86.1;43;53;81.1;10;12;83.3;4;2.0;1.0;+2.0;10;10;6;0;22;Matchs
;Christian Mawissa;fr FRA;DF;Monaco;19-268;2005;5.2;222;271;81.9;3407;1262;118;130;90.8;97;114;85.1;7;20;35.0;0;0.0;0.0;0.0;0;13;0;0;11;Matchs
;Senny Mayulu;fr FRA;MT,DF;Paris S-G;18-239;2006;2.1;70;87;80.5;1012;142;34;42;81.0;28;30;93.3;2;4;50.0;0;0.7;0.7;-0.7;4;7;2;0;10;Matchs
;Ethan Mbappé;fr FRA;MT,AT;Lille;18-013;2006;0.9;35;42;83.3;532;132;18;22;81.8;15;16;93.8;1;1;100.0;0;0.0;0.1;0.0;0;3;2;0;4;Matchs
;Ibrahim Mbaye;fr FRA;AT,MT;Paris S-G;16-353;2008;1.0;30;35;85.7;501;68;11;14;78.6;16;16;100.0;2;3;66.7;0;0.0;0.0;0.0;0;1;1;0;3;Matchs
;Mark McKenzie;us USA;DF;Toulouse;25-321;1999;13.7;520;618;84.1;9631;3811;198;223;88.8;273;311;87.8;44;72;61.1;0;0.0;0.1;0.0;1;32;0;0;38;Matchs
;Facundo Medina;ar ARG;DF,MT;Lens;25-228;1999;13.7;739;854;86.5;12241;4274;355;378;93.9;323;349;92.6;50;98;51.0;0;0.4;1.1;-0.4;9;62;15;2;75;Matchs
;Henrik Meister;dk DEN;AT;Rennes;21-055;2003;0.7;11;14;78.6;94;32;9;9;100.0;0;1;0.0;0;0;;0;0.3;0.0;-0.3;2;1;0;0;1;Matchs
;Bamo Meïté;ci CIV;DF,MT;Marseille;23-039;2001;0.3;26;28;92.9;333;121;18;19;94.7;7;7;100.0;0;0;;0;0.0;0.0;0.0;0;2;0;0;0;Matchs
;Mohamed Meité;fr FRA;AT;Rennes;17-092;2007;0.1;1;1;100.0;6;1;1;1;100.0;0;0;;0;0;;0;0.0;0.0;0.0;0;0;0;0;0;Matchs
;Farid El Melali;dz ALG;AT;Angers;27-251;1997;11.4;203;283;71.7;3090;906;116;137;84.7;62;82;75.6;17;42;40.5;2;2.3;2.1;-0.3;15;7;7;1;19;Matchs
;Nuno Mendes;pt POR;DF;Paris S-G;22-206;2002;7.0;514;587;87.6;8445;2175;239;259;92.3;240;266;90.2;29;42;69.0;1;0.9;0.8;+0.1;7;41;10;5;44;Matchs
;Antoine Mendy;fr FRA;DF;Nice;20-229;2004;5.5;233;295;79.0;4066;1382;97;108;89.8;112;133;84.2;22;46;47.8;0;0.0;0.2;0.0;1;19;6;3;19;Matchs
;Nampalys Mendy;sn SEN;MT;Lens;32-202;1992;1.2;71;77;92.2;1125;311;41;42;97.6;23;24;95.8;5;8;62.5;0;0.0;0.1;0.0;0;15;0;0;7;Matchs
;Gideon Mensah;gh GHA;DF;Auxerre;26-177;1998;11.3;416;537;77.5;7134;3044;210;234;89.7;161;203;79.3;38;77;49.4;1;1.5;0.9;-0.5;7;28;13;6;47;Matchs
;Quentin Merlin;fr FRA;DF,MT;Marseille;22-240;2002;7.0;429;503;85.3;7091;1374;207;225;92.0;189;212;89.2;25;47;53.2;3;0.8;0.5;+2.2;5;33;7;3;39;Matchs
;Rafik Messali;fr FRA;MT;Toulouse;21-258;2003;0.0;0;0;;0;0;0;0;;0;0;;0;0;;0;0.0;0.0;0.0;0;0;0;0;0;Matchs
;Thomas Meunier;be BEL;DF;Lille;33-121;1991;7.1;374;483;77.4;6220;1898;184;203;90.6;160;208;76.9;26;53;49.1;0;0.1;0.5;-0.1;2;41;3;1;38;Matchs
;Lucas Michel;fr FRA;MT;Monaco;20-266;2004;0.3;;;;;;;;;;;;;;;0;;;;;;;;;Matchs
;Georges Mikautadze;ge GEO;AT;Lyon;24-072;2000;6.6;154;202;76.2;2149;436;87;107;81.3;50;67;74.6;6;8;75.0;1;1.0;1.0;0.0;6;12;7;0;26;Matchs
;;;;;;;;;;;;;;;;;;;;;;;;;;;;;;;
;Igor Miladinović;rs SRB;AT;Saint-Étienne;21-217;2003;0.2;5;7;71.4;80;7;2;3;66.7;3;3;100.0;0;0;;0;0.0;0.0;0.0;0;0;0;0;0;Matchs
;Takumi Minamino;jp JPN;MT,AT;Monaco;29-361;1995;10.7;200;298;67.1;2798;1092;123;164;75.0;67;93;72.0;5;13;38.5;1;3.7;2.6;-2.7;20;31;13;0;43;Matchs
;Lucas Mincarelli;fr FRA;DF;Montpellier;21-006;2004;2.8;97;126;77.0;1555;669;51;60;85.0;35;40;87.5;6;18;33.3;0;0.2;0.5;-0.2;1;8;2;2;11;Matchs
;Mostafa Mohamed;eg EGY;AT;Nantes;27-044;1997;5.8;59;102;57.8;1014;307;23;40;57.5;24;32;75.0;9;13;69.2;0;0.1;0.2;-0.1;2;11;5;0;14;Matchs
;Florent Mollet;fr FRA;MT,AT;Nantes;33-053;1991;1.8;67;83;80.7;984;262;36;39;92.3;27;32;84.4;3;10;30.0;0;0.3;0.2;-0.3;6;6;3;1;6;Matchs
;Diego Moreira;pt POR;DF,MT;Strasbourg;20-158;2004;14.1;488;645;75.7;7906;2043;252;296;85.1;189;251;75.3;36;61;59.0;4;3.5;3.0;+0.5;13;17;10;2;43;Matchs
;Gabriel Moscardo;br BRA;MT;Reims;19-105;2005;0.4;14;16;87.5;213;43;9;11;81.8;3;3;100.0;1;1;100.0;0;0.0;0.0;0.0;0;0;1;0;2;Matchs
;Yael Mouanga;fr FRA;DF;Montpellier;19-172;2005;1.0;52;58;89.7;975;234;19;22;86.4;28;28;100.0;5;7;71.4;0;0.0;0.0;0.0;0;1;0;0;2;Matchs
;Aimen Moueffek;fr FRA;MT;Saint-Étienne;23-277;2001;5.5;157;181;86.7;2240;572;97;107;90.7;49;59;83.1;5;6;83.3;0;0.2;0.1;-0.2;3;19;0;0;15;Matchs
;Youssoufa Moukoko;de GER;AT,MT;Nice;20-052;2004;2.1;30;38;78.9;433;146;17;19;89.5;9;12;75.0;2;2;100.0;1;0.8;0.2;+0.2;5;2;1;1;5;Matchs
;Louis Mouton;fr FRA;MT;Saint-Étienne;22-222;2002;7.0;251;319;78.7;4334;1174;121;139;87.1;94;114;82.5;27;43;62.8;1;1.1;0.8;-0.1;10;22;3;0;25;Matchs
;Ngal'Ayel Mukau;cd COD;MT;Lille;20-042;2004;6.9;322;351;91.7;5358;1066;155;165;93.9;145;152;95.4;18;20;90.0;0;0.2;0.3;-0.2;5;28;4;1;31;Matchs
;Marshall Munetsi;zw ZIM;MT;Reims;28-203;1996;14.8;203;292;69.5;2960;957;119;151;78.8;60;85;70.6;12;26;46.2;0;1.6;1.6;-1.6;13;11;3;1;21;Matchs
;Junior Mwanga;fr FRA;MT;Strasbourg;21-245;2003;3.3;133;147;90.5;2097;556;68;75;90.7;56;59;94.9;7;9;77.8;0;0.0;0.1;0.0;1;11;0;0;10;Matchs
;Djylian N'Guessan;fr FRA;AT;Saint-Étienne;16-134;2008;0.0;1;1;100.0;7;0;1;1;100.0;0;0;;0;0;;0;0.0;0.0;0.0;0;0;0;0;0;Matchs
;Mickael Nade;fr FRA;DF;Saint-Étienne;25-313;1999;7.6;343;395;86.8;6558;1809;117;126;92.9;189;204;92.6;34;60;56.7;1;0.4;0.3;+0.6;3;23;2;0;22;Matchs
;Bilal Nadir;fr FRA;MT;Marseille;21-044;2003;0.7;57;61;93.4;832;174;29;30;96.7;24;27;88.9;1;1;100.0;0;0.0;0.0;0.0;0;7;1;0;4;Matchs
;Mahamadou Nagida;cm CMR;DF;Rennes;19-197;2005;3.6;123;157;78.3;1872;467;69;80;86.3;37;48;77.1;10;16;62.5;0;0.3;0.2;-0.3;2;7;2;2;9;Matchs
;Keito Nakamura;jp JPN;AT;Reims;24-167;2000;13.8;266;359;74.1;4445;989;136;164;82.9;90;122;73.8;27;43;62.8;1;1.2;1.6;-0.2;8;15;13;4;41;Matchs
;Sebastian Nanasi;se SWE;AT,MT;Strasbourg;22-240;2002;12.8;320;415;77.1;5008;1538;189;222;85.1;101;126;80.2;21;43;48.8;3;2.0;2.2;+1.0;16;41;20;1;71;Matchs
;Yael Nandjou;fr FRA;DF;Nice;19-189;2005;1.7;50;66;75.8;723;256;28;32;87.5;22;28;78.6;0;3;0.0;0;0.7;0.6;-0.7;2;5;1;1;3;Matchs
;Youssouf Ndayishimiye;bi BDI;DF,MT;Nice;26-076;1998;7.5;387;435;89.0;6478;1778;173;183;94.5;190;201;94.5;19;41;46.3;0;0.1;0.1;-0.1;2;19;2;0;23;Matchs
;Junior Ndiaye;fr FRA;AT,MT;Montpellier;19-288;2005;0.8;9;16;56.3;102;9;5;7;71.4;2;5;40.0;0;0;;0;0.0;0.0;0.0;0;0;1;0;1;Matchs
;Rassoul Ndiaye;sn SEN;MT;Le Havre;23-031;2001;7.0;187;249;75.1;2923;815;101;117;86.3;70;93;75.3;11;18;61.1;0;0.5;0.6;-0.5;6;17;5;1;28;Matchs
;Tanguy Ndombele;fr FRA;MT;Nice;28-014;1996;10.5;343;398;86.2;5287;1607;193;213;90.6;126;145;86.9;19;27;70.4;2;2.3;1.1;-0.3;17;32;8;0;48;Matchs
;;;;;;;;;;;;;;;;;;;;;;;;;;;;;;;
;Loïc Nego;hu HUN;DF,AT;Le Havre;33-362;1991;9.7;295;406;72.7;4663;1682;163;190;85.8;109;139;78.4;18;49;36.7;0;0.2;0.6;-0.2;5;22;9;6;30;Matchs
;João Neves;pt POR;MT;Paris S-G;20-106;2004;12.1;918;1010;90.9;14766;3336;491;528;93.0;336;359;93.6;69;86;80.2;6;3.1;3.0;+2.9;22;93;16;2;90;Matchs
;Mikayil Ngor Faye;sn SEN;DF;Rennes;20-181;2004;6.4;396;448;88.4;7308;2219;159;168;94.6;207;226;91.6;26;44;59.1;0;0.0;0.3;0.0;1;32;1;0;30;Matchs
;Steve Ngoura;fr FRA;AT;Le Havre;19-324;2005;3.2;37;57;64.9;556;181;18;28;64.3;13;15;86.7;3;3;100.0;0;0.4;0.1;-0.4;2;2;2;0;8;Matchs
;Moussa Niakhate;sn SEN;DF;Lyon;28-309;1996;12.3;621;696;89.2;11576;4434;217;233;93.1;350;380;92.1;46;66;69.7;0;0.2;0.4;-0.2;3;37;5;1;41;Matchs
;Abdoulaye Niakhate Ndiaye;sn SEN;DF;Brest;22-276;2002;5.6;268;320;83.8;5167;1896;88;105;83.8;150;162;92.6;29;50;58.0;0;0.0;0.1;0.0;1;14;1;0;16;Matchs
;Ibrahima Niane;sn SEN;AT;Angers;25-306;1999;7.6;101;148;68.2;1344;214;65;86;75.6;21;31;67.7;6;11;54.5;0;0.2;0.3;-0.2;4;9;1;0;5;Matchs
;Rasmus Nicolaisen;dk DEN;DF;Toulouse;27-301;1997;6.9;339;385;88.1;6199;2362;145;160;90.6;159;169;94.1;31;48;64.6;1;0.2;0.2;+0.8;2;20;2;0;27;Matchs
;Arnaud Nordin;fr FRA;AT;Montpellier;26-208;1998;12.2;213;308;69.2;3047;530;132;167;79.0;63;90;70.0;11;22;50.0;0;0.8;1.1;-0.8;13;6;11;6;19;Matchs
;Ernest Nuamah;gh GHA;AT,MT;Lyon;21-071;2003;4.6;143;177;80.8;2083;356;93;100;93.0;34;45;75.6;12;17;70.6;0;0.3;0.4;-0.3;5;4;6;0;14;Matchs
;Rabby Nzingoula;cg CGO;MT;Montpellier;19-047;2005;9.0;198;266;74.4;3326;796;99;118;83.9;80;98;81.6;17;30;56.7;0;0.5;0.5;-0.5;4;10;4;0;24;Matchs
;M'Bala Nzola;ao ANG;AT;Lens;28-146;1996;9.4;128;172;74.4;1454;208;90;114;78.9;17;26;65.4;4;5;80.0;1;1.1;0.6;-0.1;16;3;5;0;11;Matchs
;Marwann Nzuzi;fr FRA;DF;Saint-Étienne;20-240;2004;1.4;46;55;83.6;707;322;21;22;95.5;20;26;76.9;2;3;66.7;0;0.1;0.1;-0.1;1;3;1;1;2;Matchs
;Hamzat Ojediran;ng NGA;MT,AT;Lens;21-058;2003;3.3;153;181;84.5;2447;775;78;86;90.7;57;62;91.9;13;20;65.0;0;0.4;0.4;-0.4;2;19;2;0;18;Matchs
;Joseph Okumu;ke KEN;DF;Reims;27-230;1997;6.4;284;340;83.5;6225;2588;68;75;90.7;168;181;92.8;46;80;57.5;0;0.0;0.1;0.0;1;29;1;1;31;Matchs
;Ben Old;nz NZL;MT,AT;Saint-Étienne;22-151;2002;4.2;62;86;72.1;1002;289;33;37;89.2;26;33;78.8;3;11;27.3;0;0.7;0.4;-0.7;4;2;2;1;7;Matchs
;Warmed Omari;km COM;DF;Lyon;24-263;2000;0.1;6;6;100.0;145;40;0;0;;5;5;100.0;1;1;100.0;0;0.0;0.0;0.0;0;0;0;0;0;Matchs
;Becir Omeragic;ch SUI;DF;Montpellier;22-357;2002;9.3;373;413;90.3;6674;1979;141;151;93.4;194;200;97.0;31;48;64.6;0;0.0;0.2;0.0;1;26;4;1;33;Matchs
;Ado Onaiwu;jp JPN;MT,AT;Auxerre;29-064;1995;5.7;144;200;72.0;1926;461;82;111;73.9;41;51;80.4;7;9;77.8;0;0.4;0.5;-0.4;6;15;5;3;16;Matchs
;Christopher Operi;ci CIV;DF,AT;Le Havre;27-257;1997;13.0;533;747;71.4;9424;3412;236;259;91.1;228;295;77.3;58;155;37.4;2;2.2;3.2;-0.2;24;36;20;13;52;Matchs
;Victor Orakpo;ng NGA;AT;Nice;18-211;2006;0.4;15;17;88.2;218;43;10;11;90.9;4;4;100.0;1;1;100.0;0;0.0;0.0;0.0;0;1;0;0;1;Matchs
;Gift Orban;ng NGA;AT,DF;Lyon;22-178;2002;2.1;22;33;66.7;369;117;11;14;78.6;5;7;71.4;4;6;66.7;0;0.0;0.1;0.0;1;1;1;0;2;Matchs
;Gabriel Osho;ng NGA;DF;Auxerre;26-150;1998;11.1;416;478;87.0;8189;2916;127;139;91.4;241;259;93.1;45;72;62.5;0;0.0;0.1;0.0;0;29;0;0;27;Matchs
;Jibril Othman;tn TUN;AT;Saint-Étienne;20-260;2004;0.1;1;1;100.0;10;0;1;1;100.0;0;0;;0;0;;0;0.0;0.0;0.0;0;0;0;0;0;Matchs
;Guimissongui Ouattara;fr FRA;AT,MT;Strasbourg;19-081;2005;0.8;29;34;85.3;427;156;12;14;85.7;16;18;88.9;0;1;0.0;0;0.1;0.1;-0.1;2;3;1;0;5;Matchs
;;;;;;;;;;;;;;;;;;;;;;;;;;;;;;;
;Kassoum Ouattara;fr FRA;DF,AT;Monaco;20-089;2004;3.7;153;190;80.5;2619;911;70;82;85.4;67;76;88.2;12;22;54.5;1;1.3;1.1;-0.3;5;11;7;6;15;Matchs
;Zinédine Ould Khaled;fr FRA;MT;Angers;24-363;2000;0.6;15;17;88.2;257;24;6;8;75.0;8;8;100.0;1;1;100.0;0;0.0;0.0;0.0;0;0;0;0;2;Matchs
;Beres Owusu;fr FRA;DF;Saint-Étienne;21-114;2003;1.0;20;32;62.5;375;121;9;10;90.0;7;13;53.8;4;8;50.0;0;0.0;0.0;0.0;1;1;1;0;3;Matchs
;Elisha Owusu;gh GHA;MT;Auxerre;27-065;1997;15.4;408;517;78.9;6480;1781;203;242;83.9;172;205;83.9;22;43;51.2;1;0.7;0.4;+0.3;7;36;4;1;50;Matchs
;Willian Pacho;ec ECU;DF;Paris S-G;23-087;2001;13.3;1083;1149;94.3;18828;5335;384;399;96.2;644;662;97.3;43;67;64.2;1;0.1;0.2;+0.9;1;42;1;0;34;Matchs
;Nicolas Pallois;fr FRA;DF;Nantes;37-114;1987;10.0;330;385;85.7;6930;2399;91;107;85.0;190;200;95.0;44;67;65.7;1;0.1;0.1;+0.9;2;21;0;0;21;Matchs
;Kévin Pedro;fr FRA;DF;Saint-Étienne;18-325;2006;0.1;6;11;54.5;89;35;4;5;80.0;2;6;33.3;0;0;;0;0.0;0.0;0.0;0;0;0;0;0;Matchs
;Théo Pellenard;fr FRA;DF;Auxerre;30-313;1994;0.5;15;20;75.0;239;37;8;9;88.9;6;8;75.0;1;2;50.0;0;0.0;0.1;0.0;0;1;1;1;1;Matchs
;Timothee Pembele;fr FRA;DF;Le Havre;22-124;2002;7.5;246;313;78.6;3907;1428;119;136;87.5;111;133;83.5;11;21;52.4;0;0.0;0.1;0.0;1;11;3;2;22;Matchs
;Faris Pemi Moumbagna;cm CMR;AT;Marseille;24-194;2000;0.1;0;0;;0;0;0;0;;0;0;;0;0;;0;0.0;0.0;0.0;0;0;0;0;0;Matchs
;Óscar Perea;co COL;MT;Strasbourg;19-106;2005;0.1;4;4;100.0;76;6;0;0;;4;4;100.0;0;0;;0;0.0;0.0;0.0;0;0;0;0;1;Matchs
;Mathias Pereira Lage;pt POR;AT,MT;Brest;28-042;1996;5.8;92;151;60.9;1457;567;50;71;70.4;33;50;66.0;7;16;43.8;2;1.2;1.1;+0.8;7;9;4;2;11;Matchs
;Lucas Perri;br BRA;GB;Lyon;27-032;1997;16.0;363;499;72.7;9255;6430;78;78;100.0;199;204;97.5;86;215;40.0;0;0.0;0.0;0.0;0;14;0;0;0;Matchs
;Gaëtan Perrin;fr FRA;MT,AT;Auxerre;28-218;1996;13.2;314;443;70.9;5355;1914;161;192;83.9;96;128;75.0;41;84;48.8;4;4.2;2.2;-0.2;31;33;9;3;52;Matchs
;Léo Pétrot;fr FRA;DF;Saint-Étienne;27-271;1997;11.5;379;486;78.0;6253;2357;190;212;89.6;163;198;82.3;22;55;40.0;1;0.4;0.5;+0.6;5;23;7;4;20;Matchs
;Đorđe Petrović;rs SRB;GB;Strasbourg;25-095;1999;13.0;502;636;78.9;12477;8409;108;108;100.0;277;282;98.2;117;245;47.8;0;0.0;0.0;0.0;0;14;1;0;1;Matchs
;Tom Pouilly;fr FRA;DF;Lens;21-207;2003;0.5;24;36;66.7;367;112;11;15;73.3;13;18;72.2;0;1;0.0;0;0.0;0.1;0.0;0;0;0;0;1;Matchs
;Adrien Rabiot;fr FRA;MT;Marseille;29-283;1995;9.6;530;614;86.3;7399;1576;303;330;91.8;191;219;87.2;12;21;57.1;1;0.7;0.7;+0.3;6;62;4;0;60;Matchs
;Gonçalo Ramos;pt POR;AT;Paris S-G;23-205;2001;2.1;28;37;75.7;310;79;20;23;87.0;6;8;75.0;0;0;;2;1.2;0.6;+0.8;7;1;2;0;3;Matchs
;Lilian Raolisoa;fr FRA;DF,AT;Angers;24-209;2000;2.7;89;120;74.2;1521;705;37;40;92.5;42;54;77.8;7;19;36.8;2;1.3;0.6;+0.7;5;11;5;3;13;Matchs
;Rayan Raveloson;mg MAD;MT,DF;Auxerre;27-361;1997;8.0;271;313;86.6;5021;1334;117;124;94.4;104;115;90.4;44;56;78.6;0;0.2;0.3;-0.2;3;19;6;0;31;Matchs
;Guillaume Restes;fr FRA;GB;Toulouse;19-306;2005;15.8;349;465;75.1;8331;5708;93;94;98.9;175;177;98.9;77;190;40.5;0;0.0;0.0;0.0;0;4;0;0;0;Matchs
;Alexsandro Ribeiro;br BRA;DF;Lille;25-155;1999;15.0;1064;1175;90.6;21042;7326;302;325;92.9;663;700;94.7;86;130;66.2;1;0.1;0.4;+0.9;3;104;3;1;98;Matchs
;Valentin Rongier;fr FRA;MT,DF;Marseille;30-035;1994;6.2;438;479;91.4;6194;1624;276;293;94.2;140;150;93.3;11;17;64.7;0;0.2;0.2;-0.2;5;35;0;0;27;Matchs
;Pablo Rosario;nl NED;MT,DF;Nice;28-004;1997;13.0;446;520;85.8;7742;2746;198;219;90.4;213;231;92.2;29;51;56.9;1;0.3;0.4;+0.7;11;45;10;1;54;Matchs
;;;;;;;;;;;;;;;;;;;;;;;;;;;;;;;
;Jon Rowe;eng ENG;AT,MT;Marseille;21-256;2003;4.5;124;149;83.2;1735;338;75;80;93.8;41;50;82.0;4;9;44.4;2;2.8;0.9;-0.8;9;3;5;2;12;Matchs
;Fabián Ruiz Peña;es ESP;MT;Paris S-G;28-283;1996;8.8;629;699;90.0;10031;2552;337;359;93.9;230;247;93.1;46;59;78.0;1;1.6;1.6;-0.6;16;65;13;3;89;Matchs
;Gerónimo Rulli;ar ARG;GB;Marseille;32-236;1992;16.0;509;607;83.9;11308;7392;132;133;99.2;279;282;98.9;94;187;50.3;0;0.0;0.0;0.0;1;3;0;0;0;Matchs
;Emmanuel Sabbi;us USA;MT,AT;Le Havre;27-018;1997;4.9;64;88;72.7;913;226;35;46;76.1;20;27;74.1;4;8;50.0;0;0.4;0.2;-0.4;3;2;4;1;9;Matchs
;Falaye Sacko;ml MLI;DF;Montpellier;29-255;1995;9.4;393;468;84.0;6389;2486;188;206;91.3;173;199;86.9;21;40;52.5;1;0.1;0.2;+0.9;5;32;2;1;47;Matchs
;Matvei Safonov;ru RUS;GB;Paris S-G;25-321;1999;4.8;132;171;77.2;3322;2121;21;21;100.0;77;77;100.0;33;70;47.1;0;0.0;0.0;0.0;0;1;0;0;0;Matchs
;Modibo Sagnan;ml MLI;DF;Montpellier;25-272;1999;13.3;496;556;89.2;10551;3552;129;134;96.3;288;303;95.0;72;102;70.6;0;0.5;0.5;-0.5;5;24;3;0;21;Matchs
;Osame Sahraoui;ma MAR;AT,MT;Lille;23-214;2001;9.1;327;385;84.9;4653;1159;199;222;89.6;105;119;88.2;12;17;70.6;3;2.8;3.1;+0.2;21;32;24;1;52;Matchs
;Wesley Saïd;fr FRA;AT,MT;Lens;29-267;1995;4.2;81;102;79.4;978;210;57;63;90.5;18;24;75.0;2;6;33.3;0;0.2;0.3;-0.2;4;4;5;0;12;Matchs
;Théo Sainte-Luce;fr FRA;MT,DF;Montpellier;26-083;1998;0.2;6;6;100.0;105;42;2;2;100.0;2;2;100.0;1;1;100.0;0;0.0;0.0;0.0;1;0;1;1;0;Matchs
;Ibrahim Salah;ma MAR;AT;Brest;23-134;2001;3.7;85;123;69.1;1204;237;47;55;85.5;21;36;58.3;8;15;53.3;1;0.6;0.4;+0.4;6;2;2;2;7;Matchs
;Amine Salama;fr FRA;AT;Reims;24-177;2000;3.0;49;63;77.8;836;161;25;29;86.2;15;18;83.3;7;7;100.0;0;0.2;0.2;-0.2;3;4;1;0;7;Matchs
;Mohammed Salisu;gh GHA;DF;Monaco;25-269;1999;8.3;516;606;85.1;9164;4100;206;239;86.2;276;299;92.3;34;62;54.8;0;0.0;0.1;0.0;3;39;2;0;59;Matchs
;Yoann Salmier;gf GUF;DF;Le Havre;32-051;1992;7.6;248;300;82.7;4863;1646;79;88;89.8;142;153;92.8;27;51;52.9;0;0.2;0.2;-0.2;1;18;1;0;20;Matchs
;Mama Samba Baldé;gw GNB;AT;Lyon;29-066;1995;0.4;4;6;66.7;37;22;3;5;60.0;0;0;;0;0;;0;0.0;0.0;0.0;0;1;0;0;1;Matchs
;Mama Samba Baldé;gw GNB;AT;Brest;29-066;1995;7.1;99;145;68.3;1424;244;47;64;73.4;32;42;76.2;9;13;69.2;1;1.0;0.7;0.0;8;6;3;2;9;Matchs
;Brice Samba;fr FRA;GB;Lens;30-261;1994;15.0;415;512;81.1;11184;7765;89;90;98.9;185;188;98.4;138;229;60.3;0;0.0;0.1;0.0;0;15;1;0;1;Matchs
;Arouna Sangante;sn SEN;DF;Le Havre;22-274;2002;5.8;232;278;83.5;4288;1609;77;84;91.7;138;151;91.4;12;35;34.3;0;0.1;0.1;-0.1;2;20;1;0;20;Matchs
;Nhoa Sangui;fr FRA;DF;Reims;18-319;2006;6.5;256;314;81.5;3783;957;141;153;92.2;91;110;82.7;12;25;48.0;1;0.3;0.4;+0.7;3;15;2;1;21;Matchs
;Baptiste Santamaria;fr FRA;MT;Rennes;29-308;1995;5.4;254;308;82.5;4350;1435;120;137;87.6;98;113;86.7;27;38;71.1;1;0.3;0.3;+0.7;4;32;4;0;28;Matchs
;Andrey Santos;br BRA;MT;Strasbourg;20-253;2004;14.7;654;748;87.4;10904;3668;300;334;89.8;311;343;90.7;36;45;80.0;0;1.3;0.6;-1.3;14;56;6;0;76;Matchs
;Tiago Santos;pt POR;DF;Lille;22-172;2002;4.5;175;223;78.5;2807;603;97;106;91.5;70;87;80.5;6;19;31.6;0;0.6;0.8;-0.6;5;15;8;4;17;Matchs
;Malang Sarr;fr FRA;DF;Lens;25-354;1999;3.3;163;188;86.7;3220;977;52;56;92.9;89;95;93.7;21;33;63.6;0;0.0;0.3;0.0;0;11;1;0;7;Matchs
;Mamadou Sarr;fr FRA;DF;Strasbourg;19-135;2005;9.5;557;595;93.6;10394;3181;179;184;97.3;337;351;96.0;35;46;76.1;1;0.2;0.1;+0.8;3;27;0;0;19;Matchs
;Martin Satriano;uy URU;AT,DF;Lens;23-326;2001;0.5;10;18;55.6;103;26;8;11;72.7;1;3;33.3;0;1;0.0;0;0.1;0.1;-0.1;2;0;0;0;1;Matchs
;;;;;;;;;;;;;;;;;;;;;;;;;;;;;;;
;Téji Savanier;fr FRA;MT;Montpellier;33-020;1991;13.1;553;781;70.8;12220;3925;206;253;81.4;196;257;76.3;133;226;58.8;3;3.9;3.6;-0.9;33;84;12;3;88;Matchs
;Niklas Schmidt;de GER;MT;Toulouse;26-316;1998;2.3;142;180;78.9;2834;884;49;60;81.7;61;68;89.7;27;42;64.3;1;0.7;0.9;+0.3;5;23;4;0;23;Matchs
;Jérémy Sebas;mq MTQ;AT,MT;Strasbourg;21-272;2003;1.7;24;34;70.6;311;61;14;18;77.8;10;13;76.9;0;0;;0;0.0;0.0;0.0;1;3;2;0;3;Matchs
;Alidu Seidu;gh GHA;DF;Rennes;24-221;2000;8.9;426;518;82.2;7350;2223;189;206;91.7;195;227;85.9;34;63;54.0;0;0.3;0.4;-0.3;5;33;8;0;41;Matchs
;Marvin Senaya;tg TOG;DF;Strasbourg;23-349;2001;2.2;106;132;80.3;1815;572;44;47;93.6;52;64;81.3;7;13;53.8;0;0.1;0.0;-0.1;2;6;1;1;5;Matchs
;Djibril Sidibé;fr FRA;DF;Toulouse;32-166;1992;12.1;550;688;79.9;10134;4715;219;244;89.8;262;314;83.4;58;94;61.7;2;2.0;1.5;0.0;12;47;17;7;71;Matchs
;Vincent Sierro;ch SUI;MT;Toulouse;29-095;1995;13.7;590;780;75.6;10475;3615;259;304;85.2;275;337;81.6;47;111;42.3;1;2.5;2.6;-1.5;21;60;17;0;95;Matchs
;Caio Henrique Oliveira Silva;br BRA;DF;Monaco;27-164;1997;7.9;436;557;78.3;6603;2279;257;284;90.5;148;185;80.0;25;66;37.9;1;2.0;2.0;-1.0;17;38;12;3;41;Matchs
;Abdallah Sima;sn SEN;AT;Brest;23-208;2001;5.3;90;130;69.2;1213;281;57;73;78.1;27;41;65.9;3;3;100.0;1;0.2;0.1;+0.8;2;3;2;1;10;Matchs
;Moses Simon;ng NGA;AT,MT;Nantes;29-183;1995;14.1;264;415;63.6;4675;1354;131;166;78.9;101;143;70.6;30;67;44.8;5;2.8;2.6;+2.2;31;10;21;12;30;Matchs
;Lassine Sinayoko;ml MLI;AT,MT;Auxerre;25-034;1999;13.5;283;366;77.3;3731;800;170;205;82.9;86;104;82.7;5;13;38.5;4;3.1;2.4;+0.9;18;13;8;2;35;Matchs
;Wilfried Singo;ci CIV;DF;Monaco;24-017;2000;13.2;716;845;84.7;13466;4690;261;292;89.4;386;413;93.5;60;119;50.4;2;1.2;0.4;+0.8;5;55;6;1;65;Matchs
;Ibrahim Sissoko;ml MLI;AT;Saint-Étienne;29-045;1995;8.9;108;164;65.9;1591;196;66;88;75.0;31;47;66.0;7;11;63.6;1;0.6;0.3;+0.4;7;9;1;0;11;Matchs
;Niama Sissoko;ml MLI;AT;Reims;19-026;2005;0.2;2;5;40.0;53;1;0;0;;1;1;100.0;1;1;100.0;0;0.0;0.0;0.0;0;0;0;0;0;Matchs
;Leo Skiri Østigård;no NOR;DF;Rennes;25-044;1999;10.9;578;670;86.3;11089;4082;199;223;89.2;314;342;91.8;59;95;62.1;0;0.0;0.1;0.0;1;35;0;0;44;Matchs
;Milan Škriniar;sk SVK;DF;Paris S-G;29-335;1995;4.2;361;374;96.5;6457;2316;133;136;97.8;208;213;97.7;16;20;80.0;0;0.1;0.0;-0.1;1;15;0;0;20;Matchs
;Naatan Skyttä;fi FIN;AT;Toulouse;22-249;2002;0.1;4;4;100.0;32;1;4;4;100.0;0;0;;0;0;;0;0.0;0.0;0.0;0;1;0;0;0;Matchs
;Eduard Sobol;ua UKR;DF;Strasbourg;29-266;1995;0.5;12;16;75.0;186;104;8;8;100.0;3;6;50.0;1;1;100.0;0;0.0;0.0;0.0;0;1;0;0;1;Matchs
;Florian Sotoca;fr FRA;AT,MT;Lens;34-078;1990;9.1;285;396;72.0;4181;1121;163;193;84.5;88;125;70.4;21;36;58.3;0;0.7;1.3;-0.7;9;26;14;3;50;Matchs
;Issa Soumaré;sn SEN;AT,MT;Le Havre;24-093;2000;6.9;116;181;64.1;1600;313;68;95;71.6;32;46;69.6;7;17;41.2;0;0.4;0.2;-0.4;8;5;4;0;14;Matchs
;Saidou Sow;gn GUI;DF;Strasbourg;22-191;2002;11.3;577;636;90.7;10281;3407;202;213;94.8;349;367;95.1;25;49;51.0;1;0.2;0.1;+0.8;2;12;2;0;16;Matchs
;Lucas Stassin;be BEL;AT;Saint-Étienne;20-044;2004;6.9;97;139;69.8;1357;153;56;72;77.8;27;37;73.0;7;10;70.0;4;1.9;0.5;+2.1;8;2;2;0;7;Matchs
;Enzo Sternal;fr FRA;AT,MT;Marseille;17-228;2007;0.3;7;8;87.5;77;1;5;5;100.0;1;1;100.0;0;1;0.0;0;0.0;0.0;0.0;1;0;0;0;0;Matchs
;Gabriel Suazo;cl CHI;DF;Toulouse;27-155;1997;9.2;352;453;77.7;5804;2481;178;197;90.4;137;174;78.7;26;57;45.6;3;1.8;2.0;+1.2;16;30;18;7;43;Matchs
;Abakar Sylla;ci CIV;DF;Strasbourg;22-017;2002;7.2;390;447;87.2;6796;2545;142;159;89.3;226;247;91.5;18;34;52.9;0;0.0;0.1;0.0;0;9;0;0;9;Matchs
;;;;;;;;;;;;;;;;;;;;;;;;;;;;;;;
;Issiaga Sylla;gn GUI;DF;Montpellier;31-010;1994;8.6;299;388;77.1;5041;1973;151;176;85.8;111;144;77.1;29;46;63.0;0;0.2;0.4;-0.2;3;32;11;6;33;Matchs
;Musa Al-Taamari;jo JOR;AT,MT;Montpellier;27-215;1997;8.4;178;225;79.1;2604;526;108;121;89.3;47;63;74.6;14;17;82.4;1;1.2;1.0;-0.2;10;11;9;1;20;Matchs
;Nicolás Tagliafico;ar ARG;DF;Lyon;32-133;1992;7.9;445;516;86.2;7128;2322;222;248;89.5;189;211;89.6;26;43;60.5;0;0.2;0.3;-0.2;2;36;4;1;41;Matchs
;Florian Tardieu;fr FRA;MT;Saint-Étienne;32-264;1992;1.9;102;127;80.3;1852;669;46;51;90.2;40;45;88.9;15;26;57.7;0;0.0;0.0;0.0;0;14;0;0;10;Matchs
;Oussama Targhalline;ma MAR;MT;Le Havre;22-236;2002;9.3;292;368;79.3;4835;1481;148;170;87.1;111;130;85.4;24;38;63.2;0;0.7;1.1;-0.7;6;45;11;2;59;Matchs
;Enzo Tchato;cm CMR;DF;Montpellier;22-049;2002;11.8;446;576;77.4;7568;2770;194;229;84.7;203;245;82.9;37;69;53.6;0;0.4;0.5;-0.4;8;31;7;7;33;Matchs
;Tanner Tessmann;us USA;MT;Lyon;23-109;2001;2.7;133;153;86.9;2365;639;60;65;92.3;57;60;95.0;13;23;56.5;0;0.1;0.2;-0.1;2;13;0;0;12;Matchs
;Teddy Teuma;mt MLT;MT;Reims;31-103;1993;3.5;219;282;77.7;3460;881;117;131;89.3;70;86;81.4;19;38;50.0;0;0.5;0.6;-0.5;7;13;5;2;16;Matchs
;Jordan Teze;nl NED;DF;Monaco;25-103;1999;3.4;142;176;80.7;2242;736;71;81;87.7;69;82;84.1;2;5;40.0;0;0.4;0.9;-0.4;5;11;4;0;14;Matchs
;Sorba Thomas;wls WAL;AT,MT;Nantes;25-142;1999;9.1;231;349;66.2;3912;1382;125;148;84.5;71;108;65.7;28;72;38.9;2;1.8;1.5;+0.2;24;21;19;13;27;Matchs
;Adrien Thomasson;fr FRA;MT;Lens;31-032;1993;14.4;627;781;80.3;9689;2734;330;380;86.8;223;269;82.9;45;71;63.4;1;3.3;2.7;-2.3;26;47;20;3;77;Matchs
;Corentin Tolisso;fr FRA;MT;Lyon;30-161;1994;10.9;496;593;83.6;7551;2253;270;310;87.1;182;207;87.9;31;44;70.5;1;3.2;2.2;-2.2;16;54;18;1;73;Matchs
;Abdoulaye Touré;gn GUI;MT;Le Havre;30-314;1994;13.9;459;555;82.7;8149;2415;200;230;87.0;194;228;85.1;51;71;71.8;1;0.1;0.4;+0.9;3;48;6;2;58;Matchs
;Birama Touré;ml MLI;MT,DF;Montpellier;32-219;1992;3.3;101;123;82.1;1809;621;38;45;84.4;53;58;91.4;10;18;55.6;0;0.1;0.0;-0.1;3;4;0;0;9;Matchs
;Ousmane Toure;fr FRA;DF;Lille;19-328;2005;0.1;4;6;66.7;92;47;0;0;;4;6;66.7;0;0;;0;0.0;0.0;0.0;0;0;0;0;2;Matchs
;Adrien Truffert;fr FRA;DF,MT;Rennes;23-052;2001;12.6;492;635;77.5;7350;2224;260;294;88.4;192;247;77.7;19;47;40.4;0;0.5;0.8;-0.5;4;30;9;2;53;Matchs
;Vanderson;br BRA;DF;Monaco;23-204;2001;11.4;505;651;77.6;8362;3032;267;308;86.7;185;239;77.4;40;66;60.6;1;1.2;1.3;-0.2;10;29;10;5;40;Matchs
;Jordan Veretout;fr FRA;MT;Lyon;31-316;1993;9.9;416;511;81.4;7226;1919;191;219;87.2;177;211;83.9;42;60;70.0;0;0.5;0.6;-0.5;10;53;11;0;62;Matchs
;Ben Viadere;fr FRA;MT;Auxerre;19-131;2005;0.1;2;6;33.3;37;27;1;1;100.0;0;2;0.0;1;2;50.0;0;0.0;0.1;0.0;1;0;0;0;0;Matchs
;Vitinha;pt POR;MT;Paris S-G;24-333;2000;11.5;1082;1170;92.5;18576;4385;540;566;95.4;394;413;95.4;122;143;85.3;0;1.4;2.2;-1.4;14;127;18;1;111;Matchs
;Ibrahima Wadji;sn SEN;MT,AT;Saint-Étienne;29-251;1995;1.2;12;17;70.6;154;7;7;8;87.5;5;7;71.4;0;0;;0;0.0;0.0;0.0;1;0;0;0;0;Matchs
;Elye Wahi;fr FRA;AT;Marseille;22-009;2003;6.4;88;111;79.3;1129;158;59;67;88.1;20;23;87.0;3;4;75.0;1;0.4;0.2;+0.6;6;7;0;0;7;Matchs
;Caleb Wiley;us USA;DF,MT;Strasbourg;20-020;2004;3.0;97;123;78.9;1476;602;56;65;86.2;32;37;86.5;5;11;45.5;1;0.7;0.3;+0.3;2;2;3;2;7;Matchs
;Christopher Wooh;cm CMR;DF;Rennes;23-115;2001;9.8;458;522;87.7;9034;3712;137;151;90.7;280;300;93.3;39;65;60.0;0;0.0;0.2;0.0;0;35;2;0;35;Matchs
;Etienne Youte Kinkoue;fr FRA;DF;Le Havre;22-363;2002;11.5;523;585;89.4;10489;3691;130;138;94.2;346;359;96.4;44;80;55.0;0;0.1;0.1;-0.1;1;29;2;1;35;Matchs
;;;;;;;;;;;;;;;;;;;;;;;;;;;;;;;
;Yoram Zague;fr FRA;DF;Paris S-G;18-241;2006;1.8;152;161;94.4;2505;540;64;68;94.1;81;84;96.4;5;6;83.3;0;0.0;0.1;0.0;1;3;1;1;8;Matchs
;Wilfried Zaha;ci CIV;AT;Lyon;32-062;1992;0.8;28;32;87.5;388;49;14;15;93.3;12;12;100.0;0;0;;0;0.0;0.0;0.0;0;0;0;0;1;Matchs
;Warren Zaïre-Emery;fr FRA;MT,DF;Paris S-G;18-309;2006;12.6;815;889;91.7;11868;2285;462;483;95.7;287;302;95.0;33;48;68.8;1;0.7;0.6;+0.3;9;50;3;0;61;Matchs
;Miha Zajc;si SVN;MT;Toulouse;30-194;1994;1.5;75;91;82.4;1099;245;40;48;83.3;30;32;93.8;3;7;42.9;0;0.1;0.1;-0.1;2;8;4;0;12;Matchs
;Denis Zakaria;ch SUI;MT;Monaco;28-052;1996;10.3;473;530;89.2;6960;2069;275;296;92.9;174;191;91.1;17;29;58.6;2;0.3;0.5;+1.7;5;32;7;1;32;Matchs
;Anass Zaroury;ma MAR;AT,MT;Lens;24-065;2000;7.6;189;295;64.1;3140;978;93;125;74.4;76;104;73.1;15;40;37.5;1;1.4;1.5;-0.4;17;16;15;5;29;Matchs
;Nathan Zeze;fr FRA;DF;Nantes;19-207;2005;11.6;496;578;85.8;9667;3729;159;170;93.5;292;316;92.4;42;83;50.6;0;0.0;0.1;0.0;0;34;1;0;30;Matchs
;Edon Zhegrova;xk KVX;AT,MT;Lille;25-286;1999;10.9;316;416;76.0;4971;1467;171;192;89.1;123;159;77.4;16;40;40.0;1;2.2;2.4;-1.2;16;17;26;3;54;Matchs
;Luc Zogbé;ci CIV;DF;Brest;19-293;2005;3.4;140;182;76.9;2453;710;60;68;88.2;69;89;77.5;9;19;47.4;0;0.1;0.1;-0.1;3;4;0;0;12;Matchs
;Aristide Zossou;ci CIV;MT;Auxerre;19-211;2005;0.1;13;15;86.7;179;12;6;6;100.0;4;5;80.0;1;1;100.0;0;0.0;0.0;0.0;0;1;0;0;1;Matchs
;Yanis Zouaoui;dz ALG;DF,AT;Le Havre;30-185;1994;3.6;143;192;74.5;2311;745;84;90;93.3;40;53;75.5;15;30;50.0;2;0.6;0.9;+1.4;9;5;6;6;9;Matchs
