Joueur;Nation;Pos;Équipe;Âge;Naissance;90;Buts;Tirs;TC;TC%;Tir/90;TC/90;B/Tir;B/TC;Dist;CF;PénM;PénT;xG;npxG;npxG/Sh;G-xG;np:G-xG;Matchs
Keyliane Abdallah;fr FRA;AT;Marseille;18-281;2006;0.0;0;0;0;;0.00;0.00;;;;0;0;0;0.0;0.0;;0.0;0.0;Matchs
Yunis Abdelhamid;ma MAR;DF;Saint-Etienne;37-105;1987;10.4;0;2;1;50.0;0.19;0.10;0.00;0.00;10.8;0;0;0;0.2;0.2;0.12;-0.2;-0.2;Matchs
Himad Abdelli;dz ALG;MT,AT;Angers;25-055;1999;15.8;4;18;4;22.2;1.14;0.25;0.11;0.50;24.8;0;2;3;4.2;1.8;0.10;-0.2;+0.2;Matchs
Mohamed Abdelmoneim;eg EGY;DF;Nice;25-345;1999;6.8;0;0;0;;0.00;0.00;;;;0;0;0;0.0;0.0;;0.0;0.0;Matchs
Ali Abdi;tn TUN;DF,MT;Nice;31-022;1993;6.5;1;13;4;30.8;2.01;0.62;0.08;0.25;20.6;0;0;0;0.9;0.9;0.07;+0.1;+0.1;Matchs
Matthis Abline;fr FRA;AT;Nantes;21-289;2003;14.6;5;43;14;32.6;2.94;0.96;0.09;0.29;14.2;0;1;1;4.4;3.6;0.08;+0.6;+0.4;Matchs
Abner;br BRA;DF;Lyon;24-229;2000;8.3;1;6;3;50.0;0.73;0.36;0.17;0.33;19.9;0;0;0;0.2;0.2;0.03;+0.8;+0.8;Matchs
Zakaria Aboukhlal;ma MAR;MT,AT;Toulouse;24-328;2000;13.9;6;40;18;45.0;2.87;1.29;0.13;0.28;14.3;0;1;2;8.3;6.7;0.17;-2.3;-1.7;Matchs
Akor Adams;ng NGA;AT;Montpellier;24-348;2000;10.9;3;25;12;48.0;2.28;1.10;0.12;0.25;13.5;0;0;0;4.2;4.2;0.17;-1.2;-1.2;Matchs
Martin Adeline;fr FRA;MT;Reims;21-040;2003;0.3;0;0;0;;0.00;0.00;;;;0;0;0;0.0;0.0;;0.0;0.0;Matchs
Adryelson;br BRA;DF;Lyon;26-294;1998;0.0;0;0;0;;0.00;0.00;;;;0;0;0;0.0;0.0;;0.0;0.0;Matchs
Emmanuel Agbadou;ci CIV;DF;Reims;27-208;1997;14.0;0;15;3;20.0;1.07;0.21;0.00;0.00;28.8;1;0;0;0.5;0.5;0.04;-0.5;-0.5;Matchs
Ruben Aguilar;fr FRA;DF;Lens;31-260;1993;3.0;0;2;0;0.0;0.67;0.00;0.00;;13.3;0;0;0;0.2;0.2;0.08;-0.2;-0.2;Matchs
Jean-Eudes Aholou;ci CIV;MT;Angers;30-297;1994;13.0;2;20;5;25.0;1.54;0.38;0.10;0.40;20.6;0;0;0;1.3;1.3;0.06;+0.7;+0.7;Matchs
Ayman Aiki;fr FRA;AT,MT;Saint-Etienne;19-200;2005;1.4;0;3;1;33.3;2.13;0.71;0.00;0.00;23.5;0;0;0;0.1;0.1;0.03;-0.1;-0.1;Matchs
Ludovic Ajorque;fr FRA;AT;Brest;30-321;1994;11.6;4;15;8;53.3;1.29;0.69;0.27;0.50;12.8;0;0;1;3.1;2.3;0.15;+0.9;+1.7;Matchs
Ümit Akdag;ro ROU;DF;Toulouse;21-097;2003;2.5;0;1;0;0.0;0.39;0.00;0.00;;31.6;0;0;0;0.0;0.0;0.01;0.0;0.0;Matchs
Sergio Akieme;es ESP;DF;Reims;27-026;1997;12.8;1;11;2;18.2;0.86;0.16;0.09;0.50;19.5;0;0;0;0.5;0.5;0.04;+0.5;+0.5;Matchs
Maghnes Akliouche;fr FRA;AT,MT;Monaco;22-321;2002;11.6;2;25;4;16.0;2.15;0.34;0.08;0.50;17.2;0;0;0;3.1;3.1;0.12;-1.1;-1.1;Matchs
Clément Akpa;ci CIV;DF;Auxerre;23-048;2001;13.8;0;4;1;25.0;0.29;0.07;0.00;0.00;19.3;0;0;0;0.1;0.1;0.03;-0.1;-0.1;Matchs
Mohamed Ali Cho;fr FRA;AT,MT;Nice;20-358;2004;8.8;2;15;8;53.3;1.71;0.91;0.13;0.25;17.0;0;0;0;1.7;1.7;0.11;+0.3;+0.3;Matchs
Jim Allevinah;ga GAB;AT;Angers;29-319;1995;9.0;0;20;4;20.0;2.22;0.44;0.00;0.00;15.4;0;0;0;1.8;1.8;0.09;-1.8;-1.8;Matchs
Jordan Amavi;fr FRA;DF;Brest;30-308;1994;8.3;0;8;3;37.5;0.97;0.36;0.00;0.00;25.0;1;0;0;0.3;0.3;0.03;-0.3;-0.3;Matchs
Kelvin Amian;fr FRA;DF,MT;Nantes;26-338;1998;11.9;1;4;2;50.0;0.34;0.17;0.25;0.50;19.6;0;0;0;0.2;0.2;0.04;+0.8;+0.8;Matchs
Michael Amir Murillo;pa PAN;DF;Marseille;28-335;1996;13.8;0;6;0;0.0;0.43;0.00;0.00;;24.1;2;0;0;0.3;0.3;0.04;-0.3;-0.3;Matchs
;;;;;;;;;;;;;;;;;;;;;;;;
Mathis Amougou;fr FRA;MT;Saint-Etienne;18-359;2006;8.0;0;5;1;20.0;0.62;0.12;0.00;0.00;19.8;0;0;0;0.4;0.4;0.07;-0.4;-0.4;Matchs
Benjamin André;fr FRA;MT;Lille;34-161;1990;14.9;0;12;3;25.0;0.80;0.20;0.00;0.00;15.1;0;0;0;1.2;1.2;0.10;-1.2;-1.2;Matchs
Dennis Appiah;fr FRA;DF;Saint-Etienne;32-216;1992;12.3;0;2;0;0.0;0.16;0.00;0.00;;22.5;0;0;0;0.1;0.1;0.03;-0.1;-0.1;Matchs
Carlens Arcus;ht HAI;DF;Angers;28-197;1996;14.0;0;0;0;;0.00;0.00;;;;0;0;0;0.0;0.0;;0.0;0.0;Matchs
Hákon Arnar Haraldsson;is ISL;MT,AT;Lille;21-276;2003;5.8;1;11;3;27.3;1.90;0.52;0.09;0.33;17.6;2;0;0;1.4;1.4;0.13;-0.4;-0.4;Matchs
Marco Asensio;es ESP;AT,MT;Paris S-G;28-356;1996;6.8;2;25;14;56.0;3.69;2.07;0.08;0.14;14.8;2;0;0;5.5;5.5;0.22;-3.5;-3.5;Matchs
Lorenz Assignon;tg TOG;DF,MT;Rennes;24-203;2000;10.5;1;5;2;40.0;0.48;0.19;0.20;0.50;20.7;0;0;0;0.3;0.3;0.05;+0.7;+0.7;Matchs
Dehmaine Assoumani;fr FRA;MT,AT;Nantes;19-269;2005;0.4;0;2;1;50.0;4.50;2.25;0.00;0.00;24.1;0;0;0;0.1;0.1;0.03;-0.1;-0.1;Matchs
Valentin Atangana Edoa;fr FRA;MT;Reims;19-139;2005;14.7;0;12;1;8.3;0.81;0.07;0.00;0.00;25.5;0;0;0;0.3;0.3;0.02;-0.3;-0.3;Matchs
Florian Ayé;fr FRA;AT;Auxerre;27-358;1997;3.5;0;5;1;20.0;1.44;0.29;0.00;0.00;14.7;0;0;0;0.4;0.4;0.08;-0.4;-0.4;Matchs
André Ayew;gh GHA;AT;Le Havre;35-025;1989;6.6;1;8;2;25.0;1.21;0.30;0.13;0.50;13.5;2;0;0;1.4;1.4;0.17;-0.4;-0.4;Matchs
Neil El Aynaoui;fr FRA;MT;Lens;23-193;2001;3.2;1;4;1;25.0;1.25;0.31;0.25;1.00;12.2;0;0;0;0.5;0.5;0.13;+0.5;+0.5;Matchs
Shavy Babicka;ga GAB;MT,AT;Toulouse;24-224;2000;5.8;4;11;5;45.5;1.90;0.86;0.36;0.80;13.9;0;0;0;2.5;2.5;0.22;+1.5;+1.5;Matchs
Theo Bair;ca CAN;AT;Auxerre;25-137;1999;4.7;1;11;6;54.5;2.36;1.29;0.09;0.17;11.0;0;0;0;1.6;1.6;0.14;-0.6;-0.6;Matchs
Mitchel Bakker;nl NED;DF,AT;Lille;24-205;2000;4.3;2;10;5;50.0;2.30;1.15;0.20;0.40;15.3;0;0;0;1.9;1.9;0.19;+0.1;+0.1;Matchs
Darryl Bakola;fr FRA;DF;Marseille;17-042;2007;0.1;0;0;0;;0.00;0.00;;;;0;0;0;0.0;0.0;;0.0;0.0;Matchs
Dilane Bakwa;fr FRA;MT,AT;Strasbourg;22-138;2002;15.5;2;31;14;45.2;2.00;0.90;0.06;0.14;22.0;3;0;0;2.7;2.7;0.09;-0.7;-0.7;Matchs
Leonardo Balerdi;ar ARG;DF;Marseille;25-351;1999;12.0;0;1;0;0.0;0.08;0.00;0.00;;34.7;0;0;0;0.0;0.0;0.02;0.0;0.0;Matchs
Folarin Balogun;us USA;AT;Monaco;23-192;2001;5.2;3;23;6;26.1;4.41;1.15;0.13;0.50;12.3;0;0;0;3.8;3.8;0.17;-0.8;-0.8;Matchs
Abdoulaye Bamba;ci CIV;DF;Angers;34-261;1990;6.8;0;0;0;;0.00;0.00;;;;0;0;0;0.0;0.0;;0.0;0.0;Matchs
Mohamed Bamba;ci CIV;MT;Reims;20-095;2004;0.0;0;0;0;;0.00;0.00;;;;0;0;0;0.0;0.0;;0.0;0.0;Matchs
Bradley Barcola;fr FRA;AT;Paris S-G;22-131;2002;11.7;10;43;21;48.8;3.68;1.80;0.23;0.48;12.2;0;0;0;8.2;8.2;0.19;+1.8;+1.8;Matchs
Melvin Bard;fr FRA;DF,MT;Nice;24-066;2000;7.5;1;6;3;50.0;0.80;0.40;0.17;0.33;15.8;0;0;0;0.7;0.7;0.12;+0.3;+0.3;Matchs
Gabriel Bares;ch SUI;MT,DF;Montpellier;24-135;2000;0.6;0;0;0;;0.00;0.00;;;;0;0;0;0.0;0.0;;0.0;0.0;Matchs
Dylan Batubinsika;cd COD;DF;Saint-Etienne;28-331;1996;14.6;0;5;1;20.0;0.34;0.07;0.00;0.00;11.5;0;0;0;0.5;0.5;0.11;-0.5;-0.5;Matchs
;;;;;;;;;;;;;;;;;;;;;;;;
Haris Belkebla;dz ALG;MT;Angers;30-349;1994;11.0;0;2;0;0.0;0.18;0.00;0.00;;24.4;0;0;0;0.1;0.1;0.03;-0.1;-0.1;Matchs
Yassin Belkhdim;fr FRA;MT,AT;Angers;22-332;2002;6.4;0;5;2;40.0;0.78;0.31;0.00;0.00;19.3;0;0;0;0.2;0.2;0.05;-0.2;-0.2;Matchs
Eliesse Ben Seghir;ma MAR;MT,AT;Monaco;19-330;2005;12.6;5;39;14;35.9;3.09;1.11;0.08;0.21;21.6;3;2;2;4.3;2.9;0.07;+0.7;+0.1;Matchs
Saïd Benrahma;dz ALG;AT,MT;Lyon;29-154;1995;7.3;1;15;4;26.7;2.06;0.55;0.07;0.25;20.3;1;0;0;1.9;1.9;0.13;-0.9;-0.9;Matchs
Lucas Beraldo;br BRA;DF;Paris S-G;21-048;2003;9.1;1;4;2;50.0;0.44;0.22;0.25;0.50;14.4;0;0;0;0.4;0.4;0.09;+0.6;+0.6;Matchs
Dimitry Bertaud;cd COD;GB;Montpellier;26-219;1998;3.0;0;0;0;;0.00;0.00;;;;0;0;0;0.0;0.0;;0.0;0.0;Matchs
Emmanuel Biumla;fr FRA;DF;Angers;19-248;2005;9.1;1;3;2;66.7;0.33;0.22;0.33;0.50;6.9;0;0;0;0.7;0.7;0.24;+0.3;+0.3;Matchs
Marco Bizot;nl NED;GB;Brest;33-307;1991;15.0;0;0;0;;0.00;0.00;;;;0;0;0;0.0;0.0;;0.0;0.0;Matchs
Ludovic Blas;fr FRA;MT,AT;Rennes;27-011;1997;14.5;4;35;16;45.7;2.42;1.11;0.11;0.25;17.2;1;0;0;3.5;3.5;0.10;+0.5;+0.5;Matchs
Augustine Boakye;gh GHA;MT,AT;Saint-Etienne;24-069;2000;4.5;2;12;6;50.0;2.64;1.32;0.17;0.33;20.9;1;0;0;1.0;1.0;0.09;+1.0;+1.0;Matchs
Jeremie Boga;ci CIV;MT,AT;Nice;28-008;1997;6.9;0;17;9;52.9;2.46;1.30;0.00;0.00;16.0;2;0;0;1.3;1.3;0.08;-1.3;-1.3;Matchs
Moïse Bombito;ca CAN;DF;Nice;24-287;2000;12.7;0;4;1;25.0;0.31;0.08;0.00;0.00;9.4;0;0;0;0.6;0.6;0.15;-0.6;-0.6;Matchs
Saïmon Bouabré;fr FRA;MT,AT;Monaco;18-224;2006;0.8;0;0;0;;0.00;0.00;;;;0;0;0;0.0;0.0;;0.0;0.0;Matchs
Ayyoub Bouaddi;fr FRA;MT;Lille;17-101;2007;6.5;0;1;1;100.0;0.15;0.15;0.00;0.00;12.6;0;0;0;0.0;0.0;0.04;0.0;0.0;Matchs
Badredine Bouanani;dz ALG;MT,AT;Nice;20-034;2004;6.3;2;20;8;40.0;3.17;1.27;0.10;0.25;20.3;1;0;0;1.2;1.2;0.06;+0.8;+0.8;Matchs
Benjamin Bouchouari;ma MAR;MT;Saint-Etienne;23-059;2001;8.2;1;4;1;25.0;0.49;0.12;0.25;1.00;23.2;0;0;0;0.1;0.1;0.04;+0.9;+0.9;Matchs
Hicham Boudaoui;dz ALG;MT;Nice;25-110;1999;11.9;1;18;12;66.7;1.51;1.01;0.06;0.08;21.2;0;0;0;0.9;0.9;0.05;+0.1;+0.1;Matchs
Benjamin Bourigeaud;fr FRA;MT;Rennes;30-363;1994;0.9;1;2;1;50.0;2.25;1.13;0.50;1.00;16.1;1;0;0;0.2;0.2;0.08;+0.8;+0.8;Matchs
Bilal Brahimi;dz ALG;MT;Nice;24-303;2000;0.8;0;1;1;100.0;1.18;1.18;0.00;0.00;23.0;1;0;0;0.0;0.0;0.04;0.0;0.0;Matchs
Lilian Brassier;fr FRA;DF;Marseille;25-070;1999;7.0;0;5;1;20.0;0.72;0.14;0.00;0.00;11.3;0;0;0;0.2;0.2;0.05;-0.2;-0.2;Matchs
Aurélio Buta;pt POR;DF;Reims;27-336;1997;10.9;0;5;1;20.0;0.46;0.09;0.00;0.00;22.1;0;0;0;0.1;0.1;0.03;-0.1;-0.1;Matchs
Marcin Bułka;pl POL;GB;Nice;25-099;1999;16.0;0;0;0;;0.00;0.00;;;;0;0;0;0.0;0.0;;0.0;0.0;Matchs
Rémy Cabella;fr FRA;AT,MT;Lille;34-309;1990;7.1;0;18;5;27.8;2.54;0.71;0.00;0.00;15.3;0;0;0;1.8;1.8;0.10;-1.8;-1.8;Matchs
Mathieu Cafaro;fr FRA;MT,AT;Saint-Etienne;27-292;1997;7.6;1;23;10;43.5;3.04;1.32;0.04;0.10;20.3;2;0;0;1.5;1.5;0.06;-0.5;-0.5;Matchs
Duje Ćaleta-Car;hr CRO;DF;Lyon;28-116;1996;12.9;1;6;1;16.7;0.47;0.08;0.17;1.00;11.2;0;0;0;1.6;1.6;0.27;-0.6;-0.6;Matchs
;;;;;;;;;;;;;;;;;;;;;;;;
Issiaga Camara;gn GUI;MT;Nice;19-344;2005;0.2;0;0;0;;0.00;0.00;;;;0;0;0;0.0;0.0;;0.0;0.0;Matchs
Lamine Camara;sn SEN;MT;Monaco;21-010;2004;11.3;2;14;7;50.0;1.24;0.62;0.14;0.29;23.0;2;0;0;1.1;1.1;0.08;+0.9;+0.9;Matchs
Mahdi Camara;fr FRA;MT;Brest;26-195;1998;12.5;2;20;9;45.0;1.60;0.72;0.10;0.22;18.5;0;0;0;1.4;1.4;0.07;+0.6;+0.6;Matchs
Axel Camblan;fr FRA;MT,AT;Brest;21-134;2003;0.3;0;1;0;0.0;3.46;0.00;0.00;;16.0;0;0;0;0.0;0.0;0.05;0.0;0.0;Matchs
Jaydee Canvot;fr FRA;MT,DF;Toulouse;18-166;2006;1.0;0;2;1;50.0;1.98;0.99;0.00;0.00;12.5;0;0;0;0.1;0.1;0.05;-0.1;-0.1;Matchs
Pierrick Capelle;fr FRA;MT;Angers;37-271;1987;3.1;0;1;0;0.0;0.32;0.00;0.00;;15.9;0;0;0;0.0;0.0;0.04;0.0;0.0;Matchs
Gabin Capuano;fr FRA;AT;Lens;18-260;2006;0.1;0;0;0;;0.00;0.00;;;;0;0;0;0.0;0.0;;0.0;0.0;Matchs
Maxence Caqueret;fr FRA;MT;Lyon;24-331;2000;6.4;0;7;1;14.3;1.10;0.16;0.00;0.00;21.8;0;0;0;0.7;0.7;0.09;-0.7;-0.7;Matchs
Valentin Carboni;ar ARG;MT,AT;Marseille;19-312;2005;1.1;0;2;1;50.0;1.75;0.87;0.00;0.00;21.4;0;0;0;0.0;0.0;0.02;0.0;0.0;Matchs
Patrik Carlgren;se SWE;GB;Nantes;33-003;1992;3.0;0;0;0;;0.00;0.00;;;;0;0;0;0.0;0.0;;0.0;0.0;Matchs
Josué Casimir;fr FRA;AT,DF;Le Havre;23-109;2001;7.5;1;8;2;25.0;1.07;0.27;0.13;0.50;14.8;0;0;0;1.0;1.0;0.12;0.0;0.0;Matchs
Cristian Cásseres Jr.;ve VEN;MT;Toulouse;24-357;2000;13.3;0;6;1;16.7;0.45;0.08;0.00;0.00;20.6;1;0;0;0.4;0.4;0.06;-0.4;-0.4;Matchs
Jean-Charles Castelletto;cm CMR;DF;Nantes;29-351;1995;14.8;0;4;2;50.0;0.27;0.14;0.00;0.00;18.6;0;0;0;0.2;0.2;0.04;-0.2;-0.2;Matchs
Fabien Centonze;fr FRA;DF;Nantes;28-361;1996;0.9;0;0;0;;0.00;0.00;;;;0;0;0;0.0;0.0;;0.0;0.0;Matchs
Brendan Chardonnet;fr FRA;DF;Brest;30-020;1994;14.0;1;8;1;12.5;0.57;0.07;0.13;1.00;12.3;0;0;0;0.5;0.5;0.07;+0.5;+0.5;Matchs
Jhoanner Chávez;ec ECU;DF,MT;Lens;22-261;2002;6.6;1;5;3;60.0;0.76;0.45;0.20;0.33;16.4;0;0;0;0.3;0.3;0.06;+0.7;+0.7;Matchs
Théo Chennahi;fr FRA;MT,DF;Montpellier;19-340;2005;0.1;0;0;0;;0.00;0.00;;;;0;0;0;0.0;0.0;;0.0;0.0;Matchs
Sidiki Cherif;fr FRA;AT;Angers;18-027;2006;3.1;0;4;2;50.0;1.28;0.64;0.00;0.00;21.3;0;0;0;0.4;0.4;0.11;-0.4;-0.4;Matchs
Rayan Cherki;fr FRA;AT,MT;Lyon;21-147;2003;7.3;3;17;7;41.2;2.34;0.96;0.18;0.43;15.8;2;0;0;1.7;1.7;0.10;+1.3;+1.3;Matchs
Lucas Chevalier;fr FRA;GB;Lille;23-066;2001;17.0;0;0;0;;0.00;0.00;;;;0;0;0;0.0;0.0;;0.0;0.0;Matchs
Pedro Chirivella;es ESP;MT;Nantes;27-233;1997;13.8;0;3;0;0.0;0.22;0.00;0.00;;23.1;0;0;0;0.2;0.2;0.06;-0.2;-0.2;Matchs
Joris Chotard;fr FRA;MT;Montpellier;23-109;2001;7.5;1;4;1;25.0;0.53;0.13;0.25;1.00;17.6;1;0;0;0.4;0.4;0.11;+0.6;+0.6;Matchs
Yoann Cissé;fr FRA;MT;Auxerre;20-029;2004;0.0;0;0;0;;0.00;0.00;;;;0;0;0;0.0;0.0;;0.0;0.0;Matchs
Jonathan Clauss;fr FRA;DF,MT;Nice;32-108;1992;9.5;1;9;2;22.2;0.95;0.21;0.11;0.50;19.7;2;0;0;0.7;0.7;0.08;+0.3;+0.3;Matchs
Marcus Coco;fr FRA;DF;Nantes;28-201;1996;5.0;0;1;0;0.0;0.20;0.00;0.00;;27.5;0;0;0;0.0;0.0;0.03;0.0;0.0;Matchs
;;;;;;;;;;;;;;;;;;;;;;;;
Alois Confais;fr FRA;MT;Le Havre;28-126;1996;0.0;0;0;0;;0.00;0.00;;;;0;0;0;0.0;0.0;;0.0;0.0;Matchs
Derek Cornelius;ca CAN;DF;Marseille;27-047;1997;7.0;0;1;0;0.0;0.14;0.00;0.00;;11.2;0;0;0;0.1;0.1;0.06;-0.1;-0.1;Matchs
Pierre Cornud;fr FRA;DF;Saint-Etienne;28-030;1996;4.2;0;0;0;;0.00;0.00;;;;0;0;0;0.0;0.0;;0.0;0.0;Matchs
David Costa;pt POR;MT;Lens;24-006;2001;3.6;0;8;2;25.0;2.20;0.55;0.00;0.00;16.5;0;0;0;1.1;1.1;0.14;-1.1;-1.1;Matchs
Logan Costa;cv CPV;DF;Toulouse;23-285;2001;1.0;0;0;0;;0.00;0.00;;;;0;0;0;0.0;0.0;;0.0;0.0;Matchs
Grégoire Coudert;fr FRA;GB;Brest;25-283;1999;1.0;0;0;0;;0.00;0.00;;;;0;0;0;0.0;0.0;;0.0;0.0;Matchs
Lasso Coulibaly;gh GHA;AT,MT;Auxerre;22-084;2002;0.4;1;2;1;50.0;4.74;2.37;0.50;1.00;11.8;0;0;0;0.2;0.2;0.11;+0.8;+0.8;Matchs
Soumaïla Coulibaly;fr FRA;DF;Brest;21-089;2003;3.6;0;2;0;0.0;0.56;0.00;0.00;;12.0;0;0;0;0.1;0.1;0.03;-0.1;-0.1;Matchs
Tanguy Coulibaly;fr FRA;AT,MT;Montpellier;23-328;2001;4.9;1;9;3;33.3;1.85;0.62;0.11;0.33;14.7;0;0;0;0.6;0.6;0.07;+0.4;+0.4;Matchs
Nicolas Cozza;fr FRA;DF,MT;Nantes;26-003;1999;12.3;1;9;4;44.4;0.73;0.32;0.11;0.25;15.1;0;0;0;1.0;1.0;0.11;0.0;0.0;Matchs
Charlie Cresswell;eng ENG;DF;Toulouse;22-147;2002;12.8;0;12;3;25.0;0.94;0.23;0.00;0.00;9.6;0;0;0;1.4;1.4;0.12;-1.4;-1.4;Matchs
Kévin Danois;fr FRA;MT;Auxerre;20-197;2004;9.8;0;11;0;0.0;1.12;0.00;0.00;;18.1;0;0;0;0.7;0.7;0.06;-0.7;-0.7;Matchs
Kevin Danso;at AUT;DF;Lens;26-114;1998;11.0;0;8;2;25.0;0.73;0.18;0.00;0.00;14.9;0;0;0;0.3;0.3;0.04;-0.3;-0.3;Matchs
Dante;br BRA;DF;Nice;41-085;1983;8.3;0;4;0;0.0;0.48;0.00;0.00;;9.2;0;0;0;0.2;0.2;0.05;-0.2;-0.2;Matchs
Pape Daouda Diongue;sn SEN;MT,AT;Strasbourg;;;0.8;1;5;2;40.0;6.25;2.50;0.20;0.50;11.5;0;0;0;1.0;1.0;0.20;0.0;0.0;Matchs
Mohammed Daramy;dk DEN;AT;Reims;23-004;2002;0.2;0;1;0;0.0;5.63;0.00;0.00;;16.7;0;0;0;0.0;0.0;0.03;0.0;0.0;Matchs
Jonathan David;ca CAN;AT;Lille;24-363;2000;15.1;11;29;15;51.7;1.92;0.99;0.21;0.40;16.2;0;5;6;10.1;5.4;0.19;+0.9;+0.6;Matchs
Zuriko Davitashvili;ge GEO;MT,AT;Saint-Etienne;23-331;2001;14.2;5;30;12;40.0;2.12;0.85;0.13;0.33;21.3;2;1;1;3.6;2.8;0.09;+1.4;+1.2;Matchs
Théo De Percin;mq MTQ;GB;Auxerre;23-344;2001;2.0;0;0;0;;0.00;0.00;;;;0;0;0;0.0;0.0;;0.0;0.0;Matchs
Thibault De Smet;be BEL;DF;Reims;26-220;1998;2.0;0;0;0;;0.00;0.00;;;;0;0;0;0.0;0.0;;0.0;0.0;Matchs
Romain Del Castillo;fr FRA;AT;Brest;28-288;1996;9.6;4;9;3;33.3;0.94;0.31;0.11;0.33;23.2;0;3;4;3.7;0.5;0.06;+0.3;+0.5;Matchs
Ousmane Dembélé;fr FRA;AT;Paris S-G;27-241;1997;10.0;8;43;24;55.8;4.30;2.40;0.19;0.33;15.9;0;0;0;5.6;5.6;0.13;+2.4;+2.4;Matchs
Arthur Desmas;fr FRA;GB;Le Havre;30-279;1994;16.0;0;0;0;;0.00;0.00;;;;0;0;0;0.0;0.0;;0.0;0.0;Matchs
Mamadou Diakhon;fr FRA;AT,MT;Reims;19-111;2005;1.8;0;4;2;50.0;2.22;1.11;0.00;0.00;14.9;0;0;0;0.2;0.2;0.04;-0.2;-0.2;Matchs
Bafodé Diakité;fr FRA;DF;Lille;24-005;2001;17.0;2;8;4;50.0;0.47;0.24;0.25;0.50;9.0;0;0;0;1.2;1.2;0.15;+0.8;+0.8;Matchs
;;;;;;;;;;;;;;;;;;;;;;;;
Oumar Diakité;ci CIV;AT;Reims;21-022;2003;12.5;4;19;6;31.6;1.53;0.48;0.21;0.67;10.4;0;0;0;4.3;4.3;0.23;-0.3;-0.3;Matchs
Habib Diarra;sn SEN;MT,AT;Strasbourg;21-008;2004;14.2;4;14;9;64.3;0.98;0.63;0.14;0.22;20.2;0;2;2;2.6;1.0;0.07;+1.4;+1.0;Matchs
Krépin Diatta;sn SEN;DF;Monaco;25-321;1999;2.2;0;2;1;50.0;0.92;0.46;0.00;0.00;13.1;0;0;0;0.2;0.2;0.08;-0.2;-0.2;Matchs
Kandet Diawara;gn GUI;AT;Le Havre;24-336;2000;0.0;0;0;0;;0.00;0.00;;;;0;0;0;0.0;0.0;;0.0;0.0;Matchs
Mahamadou Diawara;fr FRA;MT;Lyon;19-329;2005;0.2;0;0;0;;0.00;0.00;;;;0;0;0;0.0;0.0;;0.0;0.0;Matchs
Bamba Dieng;sn SEN;AT;Angers;24-294;2000;4.3;2;11;4;36.4;2.53;0.92;0.18;0.50;18.2;2;0;0;2.0;2.0;0.18;0.0;0.0;Matchs
Kembo Diliwidi;fr FRA;DF;Lens;18-343;2006;0.0;0;0;0;;0.00;0.00;;;;0;0;0;0.0;0.0;;0.0;0.0;Matchs
Sinaly Diomande;ci CIV;DF;Auxerre;23-277;2001;9.8;2;6;2;33.3;0.61;0.20;0.33;1.00;12.9;0;0;0;1.0;1.0;0.17;+1.0;+1.0;Matchs
Lois Diony;fr FRA;AT;Angers;32-022;1992;0.2;0;0;0;;0.00;0.00;;;;0;0;0;0.0;0.0;;0.0;0.0;Matchs
Sofiane Diop;fr FRA;MT,AT;Nice;24-216;2000;6.2;4;13;6;46.2;2.10;0.97;0.31;0.67;17.0;3;0;0;3.9;3.9;0.30;+0.1;+0.1;Matchs
Andy Diouf;fr FRA;MT;Lens;21-239;2003;12.4;1;19;2;10.5;1.54;0.16;0.05;0.50;20.5;0;0;0;1.0;1.0;0.05;0.0;0.0;Matchs
Yehvann Diouf;fr FRA;GB;Reims;25-056;1999;16.0;0;0;0;;0.00;0.00;;;;0;0;0;0.0;0.0;;0.0;0.0;Matchs
Assane Dioussé;sn SEN;MT;Auxerre;27-113;1997;1.9;0;2;1;50.0;1.03;0.52;0.00;0.00;26.6;0;0;0;0.0;0.0;0.02;0.0;0.0;Matchs
Álex Domínguez;es ESP;GB;Toulouse;26-165;1998;0.2;0;0;0;;0.00;0.00;;;;0;0;0;0.0;0.0;;0.0;0.0;Matchs
Gianluigi Donnarumma;it ITA;GB;Paris S-G;25-321;1999;11.2;0;0;0;;0.00;0.00;;;;0;0;0;0.0;0.0;;0.0;0.0;Matchs
Désiré Doué;fr FRA;AT;Paris S-G;19-222;2005;6.5;1;25;9;36.0;3.83;1.38;0.04;0.11;18.3;0;0;0;1.6;1.6;0.06;-0.6;-0.6;Matchs
Guela Doué;ci CIV;DF;Strasbourg;22-086;2002;15.0;1;13;5;38.5;0.87;0.33;0.08;0.20;14.9;0;0;0;0.7;0.7;0.05;+0.3;+0.3;Matchs
Douglas;br BRA;MT;Nantes;27-364;1997;14.4;2;19;9;47.4;1.32;0.62;0.11;0.22;16.4;0;0;0;2.0;2.0;0.11;0.0;0.0;Matchs
Ismaël Doukouré;fr FRA;MT,DF;Strasbourg;21-171;2003;12.8;0;1;0;0.0;0.08;0.00;0.00;;22.5;0;0;0;0.1;0.1;0.07;-0.1;-0.1;Matchs
Kamory Doumbia;ml MLI;MT,AT;Brest;21-328;2003;6.5;1;8;2;25.0;1.23;0.31;0.13;0.50;21.0;0;0;0;0.5;0.5;0.06;+0.5;+0.5;Matchs
Amidou Doumbouya;fr FRA;DF;Nice;17-159;2007;0.5;0;0;0;;0.00;0.00;;;;0;0;0;0.0;0.0;;0.0;0.0;Matchs
Jean-Kevin Duverne;ht HAI;DF;Nantes;27-183;1997;6.0;0;4;0;0.0;0.67;0.00;0.00;;17.0;0;0;0;0.3;0.3;0.07;-0.3;-0.3;Matchs
Stefan Džodić;rs SRB;DF,MT;Montpellier;19-302;2005;2.1;0;2;0;0.0;0.96;0.00;0.00;;21.8;0;0;0;0.1;0.1;0.03;-0.1;-0.1;Matchs
Aron Dønnum;no NOR;DF,MT;Toulouse;26-266;1998;13.0;0;9;0;0.0;0.69;0.00;0.00;;23.2;0;0;0;0.8;0.8;0.09;-0.8;-0.8;Matchs
Jacques Ekomie;ga GAB;DF;Angers;21-145;2003;3.2;0;1;0;0.0;0.31;0.00;0.00;;15.3;0;0;0;0.0;0.0;0.02;0.0;0.0;Matchs
;;;;;;;;;;;;;;;;;;;;;;;;
Pierre Ekwah Elimby;fr FRA;MT,DF;Saint-Etienne;22-362;2002;12.7;0;3;1;33.3;0.24;0.08;0.00;0.00;25.5;0;0;0;0.1;0.1;0.04;-0.1;-0.1;Matchs
Breel Embolo;ch SUI;AT;Monaco;27-332;1997;10.1;4;31;10;32.3;3.08;0.99;0.13;0.40;10.5;0;0;0;7.7;7.7;0.25;-3.7;-3.7;Matchs
Emanuel Emegha;nl NED;AT;Strasbourg;21-343;2003;9.7;4;21;16;76.2;2.17;1.66;0.19;0.25;12.9;0;0;0;5.4;5.4;0.26;-1.4;-1.4;Matchs
Romain Faivre;fr FRA;MT,AT;Brest;26-181;1998;5.6;2;8;3;37.5;1.43;0.53;0.13;0.33;15.6;0;1;1;1.6;0.8;0.10;+0.4;+0.2;Matchs
Khalil Fayad;fr FRA;MT,AT;Montpellier;20-216;2004;3.1;0;4;1;25.0;1.29;0.32;0.00;0.00;20.4;0;0;0;0.7;0.7;0.17;-0.7;-0.7;Matchs
Zinedine Ferhat;dz ALG;AT,MT;Angers;31-316;1993;2.8;1;5;3;60.0;1.77;1.06;0.20;0.33;20.2;1;0;0;0.3;0.3;0.06;+0.7;+0.7;Matchs
Edimilson Fernandes;ch SUI;MT;Brest;28-271;1996;5.7;0;5;2;40.0;0.88;0.35;0.00;0.00;23.3;0;0;0;0.2;0.2;0.04;-0.2;-0.2;Matchs
Matias Fernandez-Pardo;be BEL;AT;Lille;19-343;2005;4.9;1;4;2;50.0;0.82;0.41;0.25;0.50;20.4;0;0;0;0.2;0.2;0.05;+0.8;+0.8;Matchs
Jordan Ferri;fr FRA;MT;Montpellier;32-305;1992;9.8;0;8;2;25.0;0.82;0.20;0.00;0.00;26.9;0;0;0;0.2;0.2;0.03;-0.2;-0.2;Matchs
Karol Fila;pl POL;MT;Strasbourg;26-212;1998;0.1;0;0;0;;0.00;0.00;;;;0;0;0;0.0;0.0;;0.0;0.0;Matchs
Malick Fofana;be BEL;AT;Lyon;19-286;2005;10.0;3;21;11;52.4;2.09;1.10;0.14;0.27;13.7;0;0;0;2.7;2.7;0.13;+0.3;+0.3;Matchs
Seko Fofana;ci CIV;MT;Rennes;29-249;1995;0.3;0;2;0;0.0;6.67;0.00;0.00;;30.2;0;0;0;0.0;0.0;0.02;0.0;0.0;Matchs
Yahia Fofana;ci CIV;GB;Angers;24-143;2000;16.0;0;0;0;;0.00;0.00;;;;0;0;0;0.0;0.0;;0.0;0.0;Matchs
Lamine Fomba;fr FRA;MT;Saint-Etienne;26-351;1998;0.8;0;1;0;0.0;1.29;0.00;0.00;;27.0;0;0;0;0.0;0.0;0.02;0.0;0.0;Matchs
Przemysław Frankowski;pl POL;DF;Lens;29-274;1995;11.5;3;7;2;28.6;0.61;0.17;0.14;0.50;24.9;0;2;2;1.8;0.3;0.04;+1.2;+0.7;Matchs
Angelo Fulgini;fr FRA;MT,AT;Lens;28-144;1996;7.4;1;15;5;33.3;2.04;0.68;0.07;0.20;18.9;2;0;0;1.5;1.5;0.10;-0.5;-0.5;Matchs
Gauthier Gallon;fr FRA;GB;Rennes;31-263;1993;0.5;0;0;0;;0.00;0.00;;;;0;0;0;0.0;0.0;;0.0;0.0;Matchs
Ignatius Ganago;cm CMR;AT,MT;Nantes;25-330;1999;2.7;0;7;0;0.0;2.61;0.00;0.00;;11.7;0;0;0;0.4;0.4;0.06;-0.4;-0.4;Matchs
Ulisses Garcia;ch SUI;DF;Marseille;29-000;1996;4.6;2;6;2;33.3;1.31;0.44;0.33;1.00;13.2;0;0;0;1.3;1.3;0.22;+0.7;+0.7;Matchs
Jean-Philippe Gbamin;ci CIV;MT;Nantes;29-108;1995;2.3;0;1;0;0.0;0.43;0.00;0.00;;11.1;0;0;0;0.1;0.1;0.07;-0.1;-0.1;Matchs
Yann Gboho;fr FRA;MT,AT;Toulouse;23-363;2001;14.2;2;26;11;42.3;1.83;0.77;0.08;0.18;16.2;0;0;0;3.0;3.0;0.12;-1.0;-1.0;Matchs
Denis Genreau;au AUS;MT,AT;Toulouse;25-235;1999;0.5;0;4;0;0.0;8.78;0.00;0.00;;20.4;0;0;0;0.2;0.2;0.04;-0.2;-0.2;Matchs
Aleksandr Golovin;ru RUS;MT,AT;Monaco;28-226;1996;10.8;2;19;7;36.8;1.76;0.65;0.11;0.29;22.5;0;0;0;1.3;1.3;0.07;+0.7;+0.7;Matchs
André Gomes;pt POR;MT;Lille;31-165;1993;5.3;0;2;0;0.0;0.37;0.00;0.00;;29.9;0;0;0;0.0;0.0;0.02;0.0;0.0;Matchs
Angel Gomes;eng ENG;MT;Lille;24-133;2000;7.1;1;7;2;28.6;0.99;0.28;0.14;0.50;22.0;2;0;1;1.7;0.9;0.12;-0.7;+0.1;Matchs
;;;;;;;;;;;;;;;;;;;;;;;;
Carlos Gómez;co COL;MT,AT;Rennes;22-121;2002;3.1;1;3;2;66.7;0.96;0.64;0.33;0.50;18.8;0;0;0;0.1;0.1;0.04;+0.9;+0.9;Matchs
Amine Gouiri;dz ALG;MT,AT;Rennes;24-330;2000;10.0;2;26;12;46.2;2.60;1.20;0.08;0.17;16.2;0;0;0;3.0;3.0;0.11;-1.0;-1.0;Matchs
Jonathan Gradit;fr FRA;DF;Lens;32-048;1992;8.3;0;7;2;28.6;0.84;0.24;0.00;0.00;18.2;0;0;0;0.3;0.3;0.04;-0.3;-0.3;Matchs
Samuel Grandsir;fr FRA;MT,AT;Le Havre;28-150;1996;0.9;0;0;0;;0.00;0.00;;;;0;0;0;0.0;0.0;;0.0;0.0;Matchs
Mason Greenwood;eng ENG;AT,MT;Marseille;23-102;2001;15.1;10;49;23;46.9;3.24;1.52;0.14;0.30;21.7;1;3;4;6.1;2.9;0.06;+3.9;+4.1;Matchs
Albert Grønbaek;dk DEN;MT,AT;Rennes;23-233;2001;8.8;2;22;9;40.9;2.50;1.02;0.09;0.22;18.6;2;0;0;1.5;1.5;0.07;+0.5;+0.5;Matchs
Gabriel Gudmundsson;se SWE;DF;Lille;25-257;1999;12.0;1;11;3;27.3;0.92;0.25;0.09;0.33;20.2;0;0;0;0.5;0.5;0.04;+0.5;+0.5;Matchs
Axel Gueguin;fr FRA;AT;Montpellier;19-293;2005;0.3;0;0;0;;0.00;0.00;;;;0;0;0;0.0;0.0;;0.0;0.0;Matchs
Evann Guessand;ci CIV;AT,MT;Nice;23-194;2001;15.4;7;41;15;36.6;2.67;0.98;0.17;0.47;12.6;0;0;0;6.1;6.1;0.15;+0.9;+0.9;Matchs
Bahereba Guirassy;fr FRA;AT,MT;Nantes;18-135;2006;1.2;2;4;3;75.0;3.21;2.41;0.50;0.67;15.2;0;0;0;0.5;0.5;0.13;+1.5;+1.5;Matchs
Massadio Haïdara;ml MLI;DF;Brest;32-040;1992;7.2;0;4;0;0.0;0.55;0.00;0.00;;19.4;0;0;0;0.1;0.1;0.03;-0.1;-0.1;Matchs
Achraf Hakimi;ma MAR;DF;Paris S-G;26-068;1998;13.4;2;19;8;42.1;1.42;0.60;0.11;0.25;19.6;3;0;0;2.0;2.0;0.10;0.0;0.0;Matchs
Florent Hanin;dz ALG;DF;Angers;34-342;1990;12.7;0;3;0;0.0;0.24;0.00;0.00;;30.6;0;0;0;0.1;0.1;0.02;-0.1;-0.1;Matchs
Amine Harit;ma MAR;MT;Marseille;27-207;1997;5.2;2;5;3;60.0;0.95;0.57;0.40;0.67;18.5;0;0;0;0.7;0.7;0.14;+1.3;+1.3;Matchs
Hans Hateboer;nl NED;DF;Rennes;31-002;1994;11.3;0;7;0;0.0;0.62;0.00;0.00;;14.8;0;0;0;0.4;0.4;0.06;-0.4;-0.4;Matchs
Luis Henrique;br BRA;AT,DF;Marseille;23-028;2001;13.6;6;12;7;58.3;0.88;0.52;0.50;0.86;15.3;0;0;0;2.2;2.2;0.18;+3.8;+3.8;Matchs
Lucas Hernández;fr FRA;DF;Paris S-G;28-332;1996;0.6;0;0;0;;0.00;0.00;;;;0;0;0;0.0;0.0;;0.0;0.0;Matchs
Ki-Jana Hoever;nl NED;DF;Auxerre;22-359;2002;11.3;0;6;3;50.0;0.53;0.26;0.00;0.00;20.9;0;0;0;0.2;0.2;0.03;-0.2;-0.2;Matchs
Cédric Hountondji;bj BEN;DF;Angers;30-358;1994;3.0;0;0;0;;0.00;0.00;;;;0;0;0;0.0;0.0;;0.0;0.0;Matchs
Ilyes Housni;fr FRA;AT;Le Havre;19-242;2005;2.2;0;3;0;0.0;1.37;0.00;0.00;;12.9;0;0;0;0.2;0.2;0.06;-0.2;-0.2;Matchs
Pierre Højbjerg;dk DEN;MT;Marseille;29-159;1995;14.9;2;15;4;26.7;1.00;0.27;0.13;0.50;19.6;4;0;0;1.2;1.2;0.08;+0.8;+0.8;Matchs
George Ilenikhena;fr FRA;AT;Monaco;18-148;2006;6.1;1;13;3;23.1;2.14;0.49;0.08;0.33;13.3;0;0;0;3.3;3.3;0.25;-2.3;-2.3;Matchs
Rareş Ilie;ro ROU;MT;Nice;21-267;2003;0.1;0;1;0;0.0;6.92;0.00;0.00;;16.3;0;0;0;0.0;0.0;0.04;0.0;0.0;Matchs
Ismaily;br BRA;DF;Lille;35-000;1990;1.8;0;2;1;50.0;1.10;0.55;0.00;0.00;19.2;0;0;0;0.1;0.1;0.04;-0.1;-0.1;Matchs
Yanis Issoufou;fr FRA;MT,AT;Montpellier;18-075;2006;0.9;0;2;0;0.0;2.34;0.00;0.00;;12.4;0;0;0;0.1;0.1;0.03;-0.1;-0.1;Matchs
;;;;;;;;;;;;;;;;;;;;;;;;
Junya Ito;jp JPN;AT;Reims;31-308;1993;15.6;3;15;7;46.7;0.96;0.45;0.20;0.43;13.8;0;0;0;2.6;2.6;0.18;+0.4;+0.4;Matchs
Ismail Jakobs;sn SEN;DF;Monaco;25-147;1999;2.0;0;0;0;;0.00;0.00;;;;0;0;0;0.0;0.0;;0.0;0.0;Matchs
Jordan James;wls WAL;MT;Rennes;20-193;2004;4.4;0;7;3;42.9;1.60;0.69;0.00;0.00;22.0;0;0;0;0.3;0.3;0.04;-0.3;-0.3;Matchs
Karl-Johan Johnsson;se SWE;GB;Strasbourg;34-349;1990;3.0;0;0;0;;0.00;0.00;;;;0;0;0;0.0;0.0;;0.0;0.0;Matchs
Paul Joly;fr FRA;DF;Auxerre;24-218;2000;6.5;0;6;3;50.0;0.92;0.46;0.00;0.00;18.2;0;0;0;0.2;0.2;0.03;-0.2;-0.2;Matchs
Jota;pt POR;AT,MT;Rennes;25-287;1999;3.7;1;4;2;50.0;1.08;0.54;0.25;0.50;9.7;0;0;0;1.3;1.3;0.33;-0.3;-0.3;Matchs
Antoine Joujou;fr FRA;MT,AT;Le Havre;21-305;2003;4.4;0;6;1;16.7;1.38;0.23;0.00;0.00;21.3;0;0;0;0.3;0.3;0.05;-0.3;-0.3;Matchs
Jubal;br BRA;DF;Auxerre;31-135;1993;14.4;1;11;4;36.4;0.76;0.28;0.00;0.00;17.4;1;1;2;2.3;0.8;0.07;-1.3;-0.8;Matchs
Hamed Junior Traorè;ci CIV;MT;Auxerre;24-330;2000;13.0;7;37;13;35.1;2.84;1.00;0.19;0.54;18.2;1;0;0;4.5;4.5;0.12;+2.5;+2.5;Matchs
Yaya Kader Fofana;ml MLI;MT,AT;Reims;20-213;2004;7.0;1;13;4;30.8;1.85;0.57;0.08;0.25;20.1;0;0;0;0.6;0.6;0.05;+0.4;+0.4;Matchs
Tino Kadewere;zw ZIM;MT,AT;Nantes;29-006;1996;5.3;1;7;5;71.4;1.33;0.95;0.14;0.20;16.0;0;0;0;1.6;1.6;0.22;-0.6;-0.6;Matchs
Arnaud Kalimuendo;fr FRA;AT;Rennes;22-357;2002;13.1;7;21;9;42.9;1.61;0.69;0.14;0.33;18.5;0;4;4;5.1;2.0;0.10;+1.9;+1.0;Matchs
Waren Kamanzi;no NOR;DF,MT;Toulouse;24-061;2000;7.6;0;2;0;0.0;0.26;0.00;0.00;;15.6;0;0;0;0.3;0.3;0.14;-0.3;-0.3;Matchs
Glen Kamara;fi FIN;MT;Rennes;29-075;1995;7.4;0;1;0;0.0;0.14;0.00;0.00;;16.2;0;0;0;0.2;0.2;0.17;-0.2;-0.2;Matchs
Nordine Kandil;fr FRA;MT;Strasbourg;23-072;2001;0.1;0;0;0;;0.00;0.00;;;;0;0;0;0.0;0.0;;0.0;0.0;Matchs
Lee Kang-in;kr KOR;AT,MT;Paris S-G;23-327;2001;10.1;6;27;11;40.7;2.67;1.09;0.22;0.55;17.5;0;0;0;2.7;2.7;0.10;+3.3;+3.3;Matchs
Yassine Kechta;ma MAR;MT,AT;Le Havre;22-321;2002;11.4;0;12;5;41.7;1.05;0.44;0.00;0.00;27.5;0;0;0;0.8;0.8;0.07;-0.8;-0.8;Matchs
Thilo Kehrer;de GER;DF;Monaco;28-112;1996;14.0;2;5;5;100.0;0.36;0.36;0.40;0.40;7.8;0;0;0;0.8;0.8;0.16;+1.2;+1.2;Matchs
Reda Khadra;de GER;MT,AT;Reims;23-191;2001;0.9;0;0;0;;0.00;0.00;;;;0;0;0;0.0;0.0;;0.0;0.0;Matchs
Wahbi Khazri;tn TUN;AT,MT;Montpellier;33-338;1991;7.5;1;19;4;21.1;2.54;0.53;0.05;0.25;24.8;3;0;0;1.3;1.3;0.07;-0.3;-0.3;Matchs
Abdukodir Khusanov;uz UZB;DF;Lens;20-317;2004;10.8;0;6;4;66.7;0.55;0.37;0.00;0.00;24.6;2;0;0;0.2;0.2;0.04;-0.2;-0.2;Matchs
Joshua King;no NOR;AT,MT;Toulouse;32-362;1992;10.0;4;25;11;44.0;2.51;1.10;0.16;0.36;16.3;0;0;0;3.7;3.7;0.15;+0.3;+0.3;Matchs
Cédric Kipré;ci CIV;DF;Reims;28-033;1996;10.8;0;5;1;20.0;0.46;0.09;0.00;0.00;15.3;0;0;0;0.3;0.3;0.06;-0.3;-0.3;Matchs
Hervé Koffi;bf BFA;GB;Lens;28-087;1996;1.0;0;0;0;;0.00;0.00;;;;0;0;0;0.0;0.0;;0.0;0.0;Matchs
Philipp Köhn;ch SUI;GB;Monaco;26-284;1998;10.0;0;0;0;;0.00;0.00;;;;0;0;0;0.0;0.0;;0.0;0.0;Matchs
;;;;;;;;;;;;;;;;;;;;;;;;
Randal Kolo Muani;fr FRA;AT;Paris S-G;26-037;1998;4.0;2;15;6;40.0;3.77;1.51;0.07;0.17;11.8;0;1;1;4.7;3.9;0.26;-2.7;-2.9;Matchs
Geoffrey Kondogbia;cf CTA;DF,MT;Marseille;31-331;1993;12.2;0;3;0;0.0;0.25;0.00;0.00;;17.8;0;0;0;0.2;0.2;0.08;-0.2;-0.2;Matchs
Abdoul Koné;fr FRA;DF;Reims;19-264;2005;1.2;0;0;0;;0.00;0.00;;;;0;0;0;0.0;0.0;;0.0;0.0;Matchs
Amadou Koné;ml MLI;MT;Reims;19-242;2005;5.9;0;5;1;20.0;0.85;0.17;0.00;0.00;25.6;0;0;0;0.1;0.1;0.02;-0.1;-0.1;Matchs
Ismaël Koné;ca CAN;MT,AT;Marseille;22-219;2002;4.0;0;4;0;0.0;1.00;0.00;0.00;;22.5;0;0;0;0.3;0.3;0.07;-0.3;-0.3;Matchs
Emmanuel Koum Mbondo;fr FRA;DF;Marseille;18-341;2006;0.1;0;0;0;;0.00;0.00;;;;0;0;0;0.0;0.0;;0.0;0.0;Matchs
Boubakar Kouyaté;ml MLI;DF;Montpellier;27-271;1997;1.2;0;1;0;0.0;0.81;0.00;0.00;;6.5;0;0;0;0.2;0.2;0.15;-0.2;-0.2;Matchs
Sael Kumbedi;fr FRA;DF;Lyon;19-291;2005;2.0;0;0;0;;0.00;0.00;;;;0;0;0;0.0;0.0;;0.0;0.0;Matchs
Daler Kuzyaev;ru RUS;MT;Le Havre;31-362;1993;6.3;1;4;3;75.0;0.63;0.48;0.25;0.33;22.3;0;0;0;0.2;0.2;0.05;+0.8;+0.8;Matchs
Rémy Labeau Lascary;gp GLP;AT,MT;Lens;21-314;2003;7.1;2;14;5;35.7;1.98;0.71;0.14;0.40;13.2;0;0;0;2.5;2.5;0.18;-0.5;-0.5;Matchs
Gaëtan Laborde;fr FRA;AT;Nice;30-253;1994;5.1;4;20;8;40.0;3.93;1.57;0.15;0.38;16.3;0;1;1;3.1;2.3;0.12;+0.9;+0.7;Matchs
Alexandre Lacazette;fr FRA;AT;Lyon;33-228;1991;11.5;5;26;16;61.5;2.25;1.39;0.15;0.25;12.6;0;1;2;6.8;5.3;0.20;-1.8;-1.3;Matchs
Alban Lafont;fr FRA;GB;Nantes;25-354;1999;12.0;0;0;0;;0.00;0.00;;;;0;0;0;0.0;0.0;;0.0;0.0;Matchs
Kenny Lala;mg MAD;DF;Brest;33-100;1991;12.8;2;3;2;66.7;0.23;0.16;0.00;0.00;28.0;2;2;2;2.0;0.4;0.15;0.0;-0.4;Matchs
Mohamed Lamine Bayo;gn GUI;AT,MT;Lille;26-221;1998;2.5;2;9;3;33.3;3.67;1.22;0.22;0.67;12.1;0;0;0;2.2;2.2;0.25;-0.2;-0.2;Matchs
Gautier Larsonneur;fr FRA;GB;Saint-Etienne;27-323;1997;16.0;0;0;0;;0.00;0.00;;;;0;0;0;0.0;0.0;;0.0;0.0;Matchs
Julien Le Cardinal;fr FRA;DF;Brest;27-161;1997;8.8;0;7;3;42.9;0.79;0.34;0.00;0.00;10.6;0;0;0;0.3;0.3;0.05;-0.3;-0.3;Matchs
Jérémy Le Douaron;fr FRA;AT;Brest;26-265;1998;1.1;0;2;1;50.0;1.76;0.88;0.00;0.00;11.3;0;0;0;0.2;0.2;0.08;-0.2;-0.2;Matchs
Benjamin Lecomte;fr FRA;GB;Montpellier;33-260;1991;13.0;0;0;0;;0.00;0.00;;;;0;0;0;0.0;0.0;;0.0;0.0;Matchs
Pierre Lees-Melou;fr FRA;MT;Brest;31-231;1993;3.9;0;9;5;55.6;2.31;1.29;0.00;0.00;23.1;0;0;0;0.3;0.3;0.04;-0.3;-0.3;Matchs
Jordan Lefort;fr FRA;DF;Angers;31-155;1993;16.0;0;2;0;0.0;0.12;0.00;0.00;;12.2;0;0;0;0.1;0.1;0.04;-0.1;-0.1;Matchs
Félix Lemaréchal;fr FRA;AT,MT;Strasbourg;21-157;2003;3.8;1;1;1;100.0;0.26;0.26;1.00;1.00;14.5;0;0;0;0.5;0.5;0.49;+0.5;+0.5;Matchs
Donovan Léon;gf GUF;GB;Auxerre;32-069;1992;15.0;0;0;0;;0.00;0.00;;;;0;0;0;0.0;0.0;;0.0;0.0;Matchs
Esteban Lepaul;fr FRA;AT,MT;Angers;24-268;2000;3.3;2;7;3;42.9;2.13;0.91;0.29;0.67;13.5;0;0;0;0.9;0.9;0.13;+1.1;+1.1;Matchs
Johann Lepenant;fr FRA;MT;Nantes;22-081;2002;11.7;2;14;4;28.6;1.19;0.34;0.14;0.50;16.9;0;0;0;1.0;1.0;0.07;+1.0;+1.0;Matchs
;;;;;;;;;;;;;;;;;;;;;;;;
Louis Leroux;fr FRA;MT,AT;Nantes;18-354;2006;0.2;0;0;0;;0.00;0.00;;;;0;0;0;0.0;0.0;;0.0;0.0;Matchs
Pol Lirola;es ESP;DF;Marseille;27-151;1997;4.0;1;4;1;25.0;1.01;0.25;0.25;1.00;14.2;0;0;0;0.5;0.5;0.12;+0.5;+0.5;Matchs
Gautier Lloris;fr FRA;DF;Le Havre;29-177;1995;16.0;2;5;2;40.0;0.31;0.13;0.40;1.00;13.0;0;0;0;0.4;0.4;0.09;+1.6;+1.6;Matchs
Andy Logbo;fr FRA;AT;Le Havre;20-250;2004;0.3;0;1;0;0.0;3.33;0.00;0.00;;3.7;0;0;0;0.2;0.2;0.18;-0.2;-0.2;Matchs
Anthony Lopes;pt POR;GB;Nantes;34-102;1990;2.0;0;0;0;;0.00;0.00;;;;0;0;0;0.0;0.0;;0.0;0.0;Matchs
Jordan Lotomba;ch SUI;MT,DF;Nice;26-104;1998;0.4;0;0;0;;0.00;0.00;;;;0;0;0;0.0;0.0;;0.0;0.0;Matchs
Tom Louchet;fr FRA;DF,MT;Nice;21-252;2003;5.3;1;5;1;20.0;0.94;0.19;0.20;1.00;20.6;0;0;0;0.1;0.1;0.02;+0.9;+0.9;Matchs
Milos Lukovic;rs SRB;AT,MT;Strasbourg;19-054;2005;0.1;0;0;0;;0.00;0.00;;;;0;0;0;0.0;0.0;;0.0;0.0;Matchs
Othmane Maamma;ma MAR;AT,MT;Montpellier;19-097;2005;0.7;0;0;0;;0.00;0.00;;;;0;0;0;0.0;0.0;;0.0;0.0;Matchs
Deiver Machado;co COL;DF,MT;Lens;31-131;1993;6.9;0;10;3;30.0;1.46;0.44;0.00;0.00;20.1;0;0;0;1.3;1.3;0.14;-1.3;-1.3;Matchs
Yvann Macon;fr FRA;DF;Saint-Etienne;26-102;1998;3.2;0;2;0;0.0;0.63;0.00;0.00;;20.4;0;0;0;0.1;0.1;0.04;-0.1;-0.1;Matchs
Eros Maddy;nl NED;DF;Auxerre;23-341;2001;0.1;0;0;0;;0.00;0.00;;;;0;0;0;0.0;0.0;;0.0;0.0;Matchs
Soungoutou Magassa;fr FRA;MT;Monaco;21-095;2003;7.3;0;4;1;25.0;0.55;0.14;0.00;0.00;21.6;0;0;0;0.3;0.3;0.07;-0.3;-0.3;Matchs
Hugo Magnetti;fr FRA;MT;Brest;26-226;1998;12.0;0;7;3;42.9;0.58;0.25;0.00;0.00;24.9;0;0;0;0.4;0.4;0.06;-0.4;-0.4;Matchs
Frank Magri;cm CMR;AT;Toulouse;25-129;1999;4.1;0;12;3;25.0;2.91;0.73;0.00;0.00;10.6;0;0;0;0.9;0.9;0.08;-0.9;-0.9;Matchs
Ainsley Maitland-Niles;eng ENG;DF;Lyon;27-135;1997;12.1;1;13;4;30.8;1.08;0.33;0.08;0.25;17.6;0;0;0;1.0;1.0;0.08;0.0;0.0;Matchs
Radosław Majecki;pl POL;GB;Monaco;25-056;1999;7.0;0;0;0;;0.00;0.00;;;;0;0;0;0.0;0.0;;0.0;0.0;Matchs
Nikola Maksimović;rs SRB;DF;Montpellier;33-047;1991;6.5;0;1;0;0.0;0.15;0.00;0.00;;13.3;0;0;0;0.0;0.0;0.02;0.0;0.0;Matchs
Hianga Mananga Mbock;fr FRA;MT;Brest;25-014;1999;0.2;0;1;1;100.0;4.29;4.29;0.00;0.00;36.4;0;0;0;0.0;0.0;0.02;0.0;0.0;Matchs
Steve Mandanda;fr FRA;GB;Rennes;39-289;1985;15.5;0;0;0;;0.00;0.00;;;;0;0;0;0.0;0.0;;0.0;0.0;Matchs
Aïssa Mandi;dz ALG;DF;Lille;33-081;1991;11.3;0;2;1;50.0;0.18;0.09;0.00;0.00;8.8;0;0;0;0.1;0.1;0.03;-0.1;-0.1;Matchs
Orel Mangala;be BEL;MT;Lyon;26-299;1998;0.7;0;1;0;0.0;1.34;0.00;0.00;;21.5;0;0;0;0.1;0.1;0.05;-0.1;-0.1;Matchs
Sekou Mara;fr FRA;AT,MT;Strasbourg;22-165;2002;6.7;1;15;3;20.0;2.23;0.45;0.07;0.33;16.3;0;0;0;1.1;1.1;0.07;-0.1;-0.1;Matchs
Marquinhos;br BRA;DF;Paris S-G;30-242;1994;11.3;0;5;1;20.0;0.44;0.09;0.00;0.00;12.1;0;0;0;0.4;0.4;0.08;-0.4;-0.4;Matchs
Jonas Martin;fr FRA;MT;Brest;34-277;1990;5.1;1;2;1;50.0;0.39;0.20;0.50;1.00;4.8;0;0;0;0.3;0.3;0.17;+0.7;+0.7;Matchs
;;;;;;;;;;;;;;;;;;;;;;;;
Han-Noah Massengo;fr FRA;MT;Auxerre;23-188;2001;0.3;0;0;0;;0.00;0.00;;;;0;0;0;0.0;0.0;;0.0;0.0;Matchs
Clinton Mata;ao ANG;DF;Lyon;32-065;1992;12.1;0;4;0;0.0;0.33;0.00;0.00;;18.9;0;0;0;0.2;0.2;0.06;-0.2;-0.2;Matchs
Eliot Matazo;be BEL;MT;Monaco;22-331;2002;0.8;0;0;0;;0.00;0.00;;;;0;0;0;0.0;0.0;;0.0;0.0;Matchs
Nemanja Matić;rs SRB;MT;Lyon;36-163;1988;11.1;0;1;1;100.0;0.09;0.09;0.00;0.00;5.9;0;0;0;0.0;0.0;0.04;0.0;0.0;Matchs
Azor Matusiwa;nl NED;MT;Rennes;26-258;1998;13.2;0;5;0;0.0;0.38;0.00;0.00;;24.6;0;0;0;0.2;0.2;0.05;-0.2;-0.2;Matchs
Neal Maupay;fr FRA;AT;Marseille;28-150;1996;7.4;3;15;7;46.7;2.03;0.95;0.20;0.43;9.9;0;0;0;3.3;3.3;0.22;-0.3;-0.3;Matchs
Christian Mawissa;fr FRA;DF;Monaco;19-268;2005;5.2;0;0;0;;0.00;0.00;;;;0;0;0;0.0;0.0;;0.0;0.0;Matchs
Senny Mayulu;fr FRA;MT,DF;Paris S-G;18-239;2006;2.1;1;9;3;33.3;4.22;1.41;0.11;0.33;17.2;0;0;0;1.5;1.5;0.17;-0.5;-0.5;Matchs
Ethan Mbappé;fr FRA;MT,AT;Lille;18-013;2006;0.9;0;4;2;50.0;4.68;2.34;0.00;0.00;16.7;0;0;0;0.7;0.7;0.18;-0.7;-0.7;Matchs
Ibrahim Mbaye;fr FRA;AT,MT;Paris S-G;16-353;2008;1.0;0;2;2;100.0;2.07;2.07;0.00;0.00;12.1;0;0;0;0.3;0.3;0.13;-0.3;-0.3;Matchs
Mark McKenzie;us USA;DF;Toulouse;25-321;1999;13.7;0;0;0;;0.00;0.00;;;;0;0;0;0.0;0.0;;0.0;0.0;Matchs
Facundo Medina;ar ARG;DF,MT;Lens;25-228;1999;13.7;0;13;2;15.4;0.95;0.15;0.00;0.00;19.2;0;0;0;1.0;1.0;0.07;-1.0;-1.0;Matchs
Henrik Meister;dk DEN;AT;Rennes;21-055;2003;0.7;1;2;1;50.0;2.86;1.43;0.50;1.00;17.4;0;0;0;0.1;0.1;0.03;+0.9;+0.9;Matchs
Bamo Meïté;ci CIV;DF,MT;Marseille;23-039;2001;0.3;0;0;0;;0.00;0.00;;;;0;0;0;0.0;0.0;;0.0;0.0;Matchs
Mohamed Meité;fr FRA;AT;Rennes;17-092;2007;0.1;0;0;0;;0.00;0.00;;;;0;0;0;0.0;0.0;;0.0;0.0;Matchs
Farid El Melali;dz ALG;AT;Angers;27-251;1997;11.4;1;24;9;37.5;2.11;0.79;0.04;0.11;23.3;4;0;0;1.6;1.6;0.07;-0.6;-0.6;Matchs
Nuno Mendes;pt POR;DF;Paris S-G;22-206;2002;7.0;0;7;5;71.4;1.00;0.71;0.00;0.00;18.2;0;0;0;0.8;0.8;0.11;-0.8;-0.8;Matchs
Antoine Mendy;fr FRA;DF;Nice;20-229;2004;5.5;0;4;1;25.0;0.73;0.18;0.00;0.00;9.8;0;0;0;0.4;0.4;0.11;-0.4;-0.4;Matchs
Nampalys Mendy;sn SEN;MT;Lens;32-202;1992;1.2;0;0;0;;0.00;0.00;;;;0;0;0;0.0;0.0;;0.0;0.0;Matchs
Gideon Mensah;gh GHA;DF;Auxerre;26-177;1998;11.3;0;2;0;0.0;0.18;0.00;0.00;;18.5;0;0;0;0.1;0.1;0.04;-0.1;-0.1;Matchs
Quentin Merlin;fr FRA;DF,MT;Marseille;22-240;2002;7.0;1;9;4;44.4;1.29;0.57;0.11;0.25;17.5;0;0;0;0.6;0.6;0.07;+0.4;+0.4;Matchs
Rafik Messali;fr FRA;MT;Toulouse;21-258;2003;0.0;0;0;0;;0.00;0.00;;;;0;0;0;0.0;0.0;;0.0;0.0;Matchs
Thomas Meunier;be BEL;DF;Lille;33-121;1991;7.1;1;12;4;33.3;1.69;0.56;0.08;0.25;16.4;0;0;0;1.0;1.0;0.09;0.0;0.0;Matchs
Lucas Michel;fr FRA;MT;Monaco;20-266;2004;0.3;0;0;0;;0.00;0.00;;;;;0;0;;;;;;Matchs
Georges Mikautadze;ge GEO;AT;Lyon;24-072;2000;6.6;4;24;11;45.8;3.63;1.66;0.13;0.27;13.7;0;1;2;4.9;3.3;0.14;-0.9;-0.3;Matchs
;;;;;;;;;;;;;;;;;;;;;;;;
Igor Miladinović;rs SRB;AT;Saint-Etienne;21-217;2003;0.2;0;0;0;;0.00;0.00;;;;0;0;0;0.0;0.0;;0.0;0.0;Matchs
Takumi Minamino;jp JPN;MT,AT;Monaco;29-361;1995;10.7;1;25;6;24.0;2.33;0.56;0.04;0.17;15.3;0;0;0;3.2;3.2;0.13;-2.2;-2.2;Matchs
Lucas Mincarelli;fr FRA;DF;Montpellier;21-006;2004;2.8;0;1;1;100.0;0.36;0.36;0.00;0.00;33.2;0;0;0;0.0;0.0;0.01;0.0;0.0;Matchs
Mostafa Mohamed;eg EGY;AT;Nantes;27-044;1997;5.8;1;18;7;38.9;3.10;1.20;0.06;0.14;13.6;0;0;0;1.7;1.7;0.10;-0.7;-0.7;Matchs
Florent Mollet;fr FRA;MT,AT;Nantes;33-053;1991;1.8;0;5;2;40.0;2.73;1.09;0.00;0.00;16.3;0;0;0;0.3;0.3;0.05;-0.3;-0.3;Matchs
Diego Moreira;pt POR;DF,MT;Strasbourg;20-158;2004;14.1;1;12;5;41.7;0.85;0.35;0.08;0.20;15.4;1;0;0;0.9;0.9;0.07;+0.1;+0.1;Matchs
Gabriel Moscardo;br BRA;MT;Reims;19-105;2005;0.4;0;1;0;0.0;2.81;0.00;0.00;;26.8;0;0;0;0.0;0.0;0.03;0.0;0.0;Matchs
Yael Mouanga;fr FRA;DF;Montpellier;19-172;2005;1.0;0;0;0;;0.00;0.00;;;;0;0;0;0.0;0.0;;0.0;0.0;Matchs
Aimen Moueffek;fr FRA;MT;Saint-Etienne;23-277;2001;5.5;0;5;2;40.0;0.91;0.36;0.00;0.00;17.8;0;0;0;0.7;0.7;0.14;-0.7;-0.7;Matchs
Youssoufa Moukoko;de GER;AT,MT;Nice;20-052;2004;2.1;2;5;2;40.0;2.42;0.97;0.40;1.00;9.0;0;0;0;2.2;2.2;0.44;-0.2;-0.2;Matchs
Louis Mouton;fr FRA;MT;Saint-Etienne;22-222;2002;7.0;0;12;3;25.0;1.72;0.43;0.00;0.00;23.8;0;0;0;0.8;0.8;0.06;-0.8;-0.8;Matchs
Ngal'Ayel Mukau;cd COD;MT;Lille;20-042;2004;6.9;0;6;0;0.0;0.87;0.00;0.00;;24.2;0;0;0;0.3;0.3;0.04;-0.3;-0.3;Matchs
Marshall Munetsi;zw ZIM;MT;Reims;28-203;1996;14.8;3;31;9;29.0;2.09;0.61;0.10;0.33;13.5;0;0;0;3.8;3.8;0.12;-0.8;-0.8;Matchs
Junior Mwanga;fr FRA;MT;Strasbourg;21-245;2003;3.3;0;0;0;;0.00;0.00;;;;0;0;0;0.0;0.0;;0.0;0.0;Matchs
Djylian N'Guessan;fr FRA;AT;Saint-Etienne;16-134;2008;0.0;0;0;0;;0.00;0.00;;;;0;0;0;0.0;0.0;;0.0;0.0;Matchs
Mickael Nade;fr FRA;DF;Saint-Etienne;25-313;1999;7.6;1;2;1;50.0;0.26;0.13;0.50;1.00;7.3;0;0;0;0.7;0.7;0.33;+0.3;+0.3;Matchs
Bilal Nadir;fr FRA;MT;Marseille;21-044;2003;0.7;1;1;1;100.0;1.36;1.36;1.00;1.00;12.9;0;0;0;0.1;0.1;0.10;+0.9;+0.9;Matchs
Mahamadou Nagida;cm CMR;DF;Rennes;19-197;2005;3.6;0;3;1;33.3;0.83;0.28;0.00;0.00;20.9;1;0;0;0.1;0.1;0.03;-0.1;-0.1;Matchs
Keito Nakamura;jp JPN;AT;Reims;24-167;2000;13.8;7;38;14;36.8;2.75;1.01;0.18;0.50;16.3;0;0;0;4.6;4.6;0.12;+2.4;+2.4;Matchs
Sebastian Nanasi;se SWE;AT,MT;Strasbourg;22-240;2002;12.8;4;14;7;50.0;1.09;0.54;0.29;0.57;12.1;0;0;0;3.8;3.8;0.27;+0.2;+0.2;Matchs
Yael Nandjou;fr FRA;DF;Nice;19-189;2005;1.7;0;1;0;0.0;0.58;0.00;0.00;;7.5;0;0;0;0.2;0.2;0.22;-0.2;-0.2;Matchs
Youssouf Ndayishimiye;bi BDI;DF,MT;Nice;26-076;1998;7.5;1;5;1;20.0;0.67;0.13;0.20;1.00;13.3;0;0;0;0.3;0.3;0.06;+0.7;+0.7;Matchs
Junior Ndiaye;fr FRA;AT,MT;Montpellier;19-288;2005;0.8;0;0;0;;0.00;0.00;;;;0;0;0;0.0;0.0;;0.0;0.0;Matchs
Rassoul Ndiaye;sn SEN;MT;Le Havre;23-031;2001;7.0;1;12;4;33.3;1.71;0.57;0.08;0.25;18.1;0;0;0;1.2;1.2;0.10;-0.2;-0.2;Matchs
Tanguy Ndombele;fr FRA;MT;Nice;28-014;1996;10.5;1;9;1;11.1;0.86;0.10;0.11;1.00;14.9;0;0;0;1.6;1.6;0.18;-0.6;-0.6;Matchs
;;;;;;;;;;;;;;;;;;;;;;;;
Loïc Nego;hu HUN;DF,AT;Le Havre;33-362;1991;9.7;0;7;2;28.6;0.72;0.21;0.00;0.00;14.8;0;0;0;0.5;0.5;0.07;-0.5;-0.5;Matchs
João Neves;pt POR;MT;Paris S-G;20-106;2004;12.1;2;18;5;27.8;1.49;0.41;0.11;0.40;13.7;0;0;0;1.9;1.9;0.11;+0.1;+0.1;Matchs
Mikayil Ngor Faye;sn SEN;DF;Rennes;20-181;2004;6.4;0;4;2;50.0;0.63;0.31;0.00;0.00;14.2;0;0;0;0.3;0.3;0.06;-0.3;-0.3;Matchs
Steve Ngoura;fr FRA;AT;Le Havre;19-324;2005;3.2;0;10;2;20.0;3.11;0.62;0.00;0.00;11.9;0;0;0;1.3;1.3;0.13;-1.3;-1.3;Matchs
Moussa Niakhate;sn SEN;DF;Lyon;28-309;1996;12.3;0;2;1;50.0;0.16;0.08;0.00;0.00;7.8;0;0;0;0.1;0.1;0.06;-0.1;-0.1;Matchs
Abdoulaye Niakhate Ndiaye;sn SEN;DF;Brest;22-276;2002;5.6;0;4;1;25.0;0.71;0.18;0.00;0.00;9.8;0;0;0;0.4;0.4;0.09;-0.4;-0.4;Matchs
Ibrahima Niane;sn SEN;AT;Angers;25-306;1999;7.6;3;20;9;45.0;2.65;1.19;0.10;0.22;15.3;0;1;1;4.0;3.2;0.16;-1.0;-1.2;Matchs
Rasmus Nicolaisen;dk DEN;DF;Toulouse;27-301;1997;6.9;0;5;0;0.0;0.72;0.00;0.00;;8.7;0;0;0;0.4;0.4;0.09;-0.4;-0.4;Matchs
Arnaud Nordin;fr FRA;AT;Montpellier;26-208;1998;12.2;4;25;11;44.0;2.06;0.90;0.12;0.27;18.6;0;1;2;4.0;2.5;0.10;0.0;+0.5;Matchs
Ernest Nuamah;gh GHA;AT,MT;Lyon;21-071;2003;4.6;0;12;2;16.7;2.63;0.44;0.00;0.00;18.0;0;0;0;1.0;1.0;0.09;-1.0;-1.0;Matchs
Rabby Nzingoula;cg CGO;MT;Montpellier;19-047;2005;9.0;1;9;3;33.3;1.00;0.33;0.11;0.33;20.2;0;0;0;0.7;0.7;0.07;+0.3;+0.3;Matchs
M'Bala Nzola;ao ANG;AT;Lens;28-146;1996;9.4;4;29;11;37.9;3.10;1.18;0.14;0.36;13.1;0;0;0;5.3;5.3;0.18;-1.3;-1.3;Matchs
Marwann Nzuzi;fr FRA;DF;Saint-Etienne;20-240;2004;1.4;0;2;1;50.0;1.44;0.72;0.00;0.00;24.9;0;0;0;0.0;0.0;0.02;0.0;0.0;Matchs
Hamzat Ojediran;ng NGA;MT,AT;Lens;21-058;2003;3.3;1;6;2;33.3;1.80;0.60;0.17;0.50;17.9;0;0;0;0.4;0.4;0.08;+0.6;+0.6;Matchs
Joseph Okumu;ke KEN;DF;Reims;27-230;1997;6.4;1;4;1;25.0;0.62;0.16;0.25;1.00;23.4;0;0;0;0.4;0.4;0.09;+0.6;+0.6;Matchs
Ben Old;nz NZL;MT,AT;Saint-Etienne;22-151;2002;4.2;0;8;2;25.0;1.91;0.48;0.00;0.00;18.0;0;0;0;0.8;0.8;0.10;-0.8;-0.8;Matchs
Warmed Omari;km COM;DF;Lyon;24-263;2000;0.1;0;0;0;;0.00;0.00;;;;0;0;0;0.0;0.0;;0.0;0.0;Matchs
Becir Omeragic;ch SUI;DF;Montpellier;22-357;2002;9.3;0;5;2;40.0;0.54;0.21;0.00;0.00;16.1;0;0;0;0.2;0.2;0.04;-0.2;-0.2;Matchs
Ado Onaiwu;jp JPN;MT,AT;Auxerre;29-064;1995;5.7;2;15;8;53.3;2.62;1.40;0.13;0.25;12.4;0;0;0;2.9;2.9;0.20;-0.9;-0.9;Matchs
Christopher Operi;ci CIV;DF,AT;Le Havre;27-257;1997;13.0;0;7;1;14.3;0.54;0.08;0.00;0.00;22.0;2;0;0;0.3;0.3;0.04;-0.3;-0.3;Matchs
Victor Orakpo;ng NGA;AT;Nice;18-211;2006;0.4;0;2;0;0.0;5.00;0.00;0.00;;10.4;0;0;0;0.3;0.3;0.16;-0.3;-0.3;Matchs
Gift Orban;ng NGA;AT,DF;Lyon;22-178;2002;2.1;2;4;3;75.0;1.94;1.45;0.50;0.67;8.7;0;0;0;1.2;1.2;0.30;+0.8;+0.8;Matchs
Gabriel Osho;ng NGA;DF;Auxerre;26-150;1998;11.1;1;3;2;66.7;0.27;0.18;0.33;0.50;6.9;0;0;0;0.7;0.7;0.24;+0.3;+0.3;Matchs
Jibril Othman;tn TUN;AT;Saint-Etienne;20-260;2004;0.1;0;0;0;;0.00;0.00;;;;0;0;0;0.0;0.0;;0.0;0.0;Matchs
Guimissongui Ouattara;fr FRA;AT,MT;Strasbourg;19-081;2005;0.8;1;2;1;50.0;2.61;1.30;0.50;1.00;15.3;0;0;0;0.1;0.1;0.07;+0.9;+0.9;Matchs
;;;;;;;;;;;;;;;;;;;;;;;;
Kassoum Ouattara;fr FRA;DF,AT;Monaco;20-089;2004;3.7;0;2;1;50.0;0.54;0.27;0.00;0.00;21.2;0;0;0;0.2;0.2;0.08;-0.2;-0.2;Matchs
Zinédine Ould Khaled;fr FRA;MT;Angers;24-363;2000;0.6;0;0;0;;0.00;0.00;;;;0;0;0;0.0;0.0;;0.0;0.0;Matchs
Beres Owusu;fr FRA;DF;Saint-Etienne;21-114;2003;1.0;0;0;0;;0.00;0.00;;;;0;0;0;0.0;0.0;;0.0;0.0;Matchs
Elisha Owusu;gh GHA;MT;Auxerre;27-065;1997;15.4;1;4;2;50.0;0.26;0.13;0.25;0.50;23.7;0;0;0;0.3;0.3;0.07;+0.7;+0.7;Matchs
Willian Pacho;ec ECU;DF;Paris S-G;23-087;2001;13.3;0;1;0;0.0;0.08;0.00;0.00;;9.9;0;0;0;0.1;0.1;0.06;-0.1;-0.1;Matchs
Nicolas Pallois;fr FRA;DF;Nantes;37-114;1987;10.0;0;2;1;50.0;0.20;0.10;0.00;0.00;32.0;0;0;0;0.0;0.0;0.01;0.0;0.0;Matchs
Kévin Pedro;fr FRA;DF;Saint-Etienne;18-325;2006;0.1;0;0;0;;0.00;0.00;;;;0;0;0;0.0;0.0;;0.0;0.0;Matchs
Théo Pellenard;fr FRA;DF;Auxerre;30-313;1994;0.5;0;0;0;;0.00;0.00;;;;0;0;0;0.0;0.0;;0.0;0.0;Matchs
Timothee Pembele;fr FRA;DF;Le Havre;22-124;2002;7.5;0;2;1;50.0;0.27;0.13;0.00;0.00;14.4;0;0;0;0.2;0.2;0.08;-0.2;-0.2;Matchs
Faris Pemi Moumbagna;cm CMR;AT;Marseille;24-194;2000;0.1;0;0;0;;0.00;0.00;;;;0;0;0;0.0;0.0;;0.0;0.0;Matchs
Óscar Perea;co COL;MT;Strasbourg;19-106;2005;0.1;0;0;0;;0.00;0.00;;;;0;0;0;0.0;0.0;;0.0;0.0;Matchs
Mathias Pereira Lage;pt POR;AT,MT;Brest;28-042;1996;5.8;1;9;4;44.4;1.56;0.69;0.11;0.25;18.7;1;0;0;0.6;0.6;0.06;+0.4;+0.4;Matchs
Lucas Perri;br BRA;GB;Lyon;27-032;1997;16.0;0;0;0;;0.00;0.00;;;;0;0;0;0.0;0.0;;0.0;0.0;Matchs
Gaëtan Perrin;fr FRA;MT,AT;Auxerre;28-218;1996;13.2;5;28;13;46.4;2.12;0.98;0.18;0.38;20.8;2;0;0;3.0;3.0;0.11;+2.0;+2.0;Matchs
Léo Pétrot;fr FRA;DF;Saint-Etienne;27-271;1997;11.5;0;3;1;33.3;0.26;0.09;0.00;0.00;11.0;0;0;0;0.2;0.2;0.06;-0.2;-0.2;Matchs
Đorđe Petrović;rs SRB;GB;Strasbourg;25-095;1999;13.0;0;0;0;;0.00;0.00;;;;0;0;0;0.0;0.0;;0.0;0.0;Matchs
Tom Pouilly;fr FRA;DF;Lens;21-207;2003;0.5;0;0;0;;0.00;0.00;;;;0;0;0;0.0;0.0;;0.0;0.0;Matchs
Adrien Rabiot;fr FRA;MT;Marseille;29-283;1995;9.6;1;15;3;20.0;1.56;0.31;0.07;0.33;16.7;0;0;0;1.1;1.1;0.07;-0.1;-0.1;Matchs
Gonçalo Ramos;pt POR;AT;Paris S-G;23-205;2001;2.1;2;10;8;80.0;4.76;3.81;0.20;0.25;9.1;0;0;0;1.7;1.7;0.17;+0.3;+0.3;Matchs
Lilian Raolisoa;fr FRA;DF,AT;Angers;24-209;2000;2.7;0;2;0;0.0;0.74;0.00;0.00;;20.6;0;0;0;0.2;0.2;0.09;-0.2;-0.2;Matchs
Rayan Raveloson;mg MAD;MT,DF;Auxerre;27-361;1997;8.0;1;16;5;31.3;1.99;0.62;0.06;0.20;21.6;1;0;0;0.8;0.8;0.05;+0.2;+0.2;Matchs
Guillaume Restes;fr FRA;GB;Toulouse;19-306;2005;15.8;0;0;0;;0.00;0.00;;;;0;0;0;0.0;0.0;;0.0;0.0;Matchs
Alexsandro Ribeiro;br BRA;DF;Lille;25-155;1999;15.0;0;7;1;14.3;0.47;0.07;0.00;0.00;10.4;0;0;0;0.7;0.7;0.09;-0.7;-0.7;Matchs
Valentin Rongier;fr FRA;MT,DF;Marseille;30-035;1994;6.2;2;6;4;66.7;0.97;0.65;0.33;0.50;19.9;0;0;0;0.7;0.7;0.11;+1.3;+1.3;Matchs
Pablo Rosario;nl NED;MT,DF;Nice;28-004;1997;13.0;1;7;3;42.9;0.54;0.23;0.00;0.00;17.0;0;1;1;1.8;1.0;0.14;-0.8;-1.0;Matchs
;;;;;;;;;;;;;;;;;;;;;;;;
Jon Rowe;eng ENG;AT,MT;Marseille;21-256;2003;4.5;2;23;9;39.1;5.15;2.01;0.09;0.22;16.9;0;0;0;1.8;1.8;0.08;+0.2;+0.2;Matchs
Fabián Ruiz Peña;es ESP;MT;Paris S-G;28-283;1996;8.8;1;24;5;20.8;2.72;0.57;0.04;0.20;18.0;0;0;0;1.8;1.8;0.08;-0.8;-0.8;Matchs
Gerónimo Rulli;ar ARG;GB;Marseille;32-236;1992;16.0;0;0;0;;0.00;0.00;;;;0;0;0;0.0;0.0;;0.0;0.0;Matchs
Emmanuel Sabbi;us USA;MT,AT;Le Havre;27-018;1997;4.9;0;13;3;23.1;2.65;0.61;0.00;0.00;12.5;0;0;0;1.8;1.8;0.14;-1.8;-1.8;Matchs
Falaye Sacko;ml MLI;DF;Montpellier;29-255;1995;9.4;0;0;0;;0.00;0.00;;;;0;0;0;0.0;0.0;;0.0;0.0;Matchs
Matvei Safonov;ru RUS;GB;Paris S-G;25-321;1999;4.8;0;0;0;;0.00;0.00;;;;0;0;0;0.0;0.0;;0.0;0.0;Matchs
Modibo Sagnan;ml MLI;DF;Montpellier;25-272;1999;13.3;1;9;2;22.2;0.68;0.15;0.11;0.50;11.3;0;0;0;0.6;0.6;0.06;+0.4;+0.4;Matchs
Osame Sahraoui;ma MAR;AT,MT;Lille;23-214;2001;9.1;0;13;2;15.4;1.43;0.22;0.00;0.00;16.4;0;0;0;0.8;0.8;0.06;-0.8;-0.8;Matchs
Wesley Saïd;fr FRA;AT,MT;Lens;29-267;1995;4.2;1;9;3;33.3;2.13;0.71;0.11;0.33;13.9;0;0;0;2.0;2.0;0.22;-1.0;-1.0;Matchs
Théo Sainte-Luce;fr FRA;MT,DF;Montpellier;26-083;1998;0.2;1;2;1;50.0;8.57;4.29;0.50;1.00;4.6;0;0;0;0.8;0.8;0.38;+0.2;+0.2;Matchs
Ibrahim Salah;ma MAR;AT;Brest;23-134;2001;3.7;1;12;3;25.0;3.22;0.81;0.08;0.33;19.0;0;0;0;0.6;0.6;0.05;+0.4;+0.4;Matchs
Amine Salama;fr FRA;AT;Reims;24-177;2000;3.0;0;6;3;50.0;1.99;1.00;0.00;0.00;17.4;1;0;0;0.4;0.4;0.06;-0.4;-0.4;Matchs
Mohammed Salisu;gh GHA;DF;Monaco;25-269;1999;8.3;1;6;2;33.3;0.72;0.24;0.17;0.50;8.5;0;0;0;0.7;0.7;0.11;+0.3;+0.3;Matchs
Yoann Salmier;gf GUF;DF;Le Havre;32-051;1992;7.6;0;2;0;0.0;0.26;0.00;0.00;;10.8;0;0;0;0.4;0.4;0.19;-0.4;-0.4;Matchs
Mama Samba Baldé;gw GNB;AT;Lyon;29-066;1995;0.4;0;1;0;0.0;2.73;0.00;0.00;;8.7;0;0;0;0.1;0.1;0.11;-0.1;-0.1;Matchs
Mama Samba Baldé;gw GNB;AT;Brest;29-066;1995;7.1;2;14;4;28.6;1.97;0.56;0.14;0.50;16.1;0;0;0;1.7;1.7;0.12;+0.3;+0.3;Matchs
Brice Samba;fr FRA;GB;Lens;30-261;1994;15.0;0;0;0;;0.00;0.00;;;;0;0;0;0.0;0.0;;0.0;0.0;Matchs
Arouna Sangante;sn SEN;DF;Le Havre;22-274;2002;5.8;1;3;2;66.7;0.52;0.35;0.33;0.50;10.3;0;0;0;0.2;0.2;0.07;+0.8;+0.8;Matchs
Nhoa Sangui;fr FRA;DF;Reims;18-319;2006;6.5;0;3;0;0.0;0.46;0.00;0.00;;24.5;0;0;0;0.1;0.1;0.03;-0.1;-0.1;Matchs
Baptiste Santamaria;fr FRA;MT;Rennes;29-308;1995;5.4;0;4;1;25.0;0.75;0.19;0.00;0.00;19.1;0;0;0;0.1;0.1;0.03;-0.1;-0.1;Matchs
Andrey Santos;br BRA;MT;Strasbourg;20-253;2004;14.7;6;21;9;42.9;1.43;0.61;0.29;0.67;13.9;0;0;0;3.3;3.3;0.16;+2.7;+2.7;Matchs
Tiago Santos;pt POR;DF;Lille;22-172;2002;4.5;0;8;4;50.0;1.78;0.89;0.00;0.00;20.9;0;0;0;0.4;0.4;0.05;-0.4;-0.4;Matchs
Malang Sarr;fr FRA;DF;Lens;25-354;1999;3.3;0;2;0;0.0;0.61;0.00;0.00;;16.8;0;0;0;0.1;0.1;0.03;-0.1;-0.1;Matchs
Mamadou Sarr;fr FRA;DF;Strasbourg;19-135;2005;9.5;0;2;0;0.0;0.21;0.00;0.00;;8.8;0;0;0;0.2;0.2;0.12;-0.2;-0.2;Matchs
Martin Satriano;uy URU;AT,DF;Lens;23-326;2001;0.5;0;3;0;0.0;6.59;0.00;0.00;;8.6;0;0;0;0.3;0.3;0.11;-0.3;-0.3;Matchs
;;;;;;;;;;;;;;;;;;;;;;;;
Téji Savanier;fr FRA;MT;Montpellier;33-020;1991;13.1;1;27;9;33.3;2.05;0.68;0.00;0.00;25.7;7;1;1;2.4;1.6;0.06;-1.4;-1.6;Matchs
Niklas Schmidt;de GER;MT;Toulouse;26-316;1998;2.3;0;3;1;33.3;1.32;0.44;0.00;0.00;25.3;0;0;0;0.1;0.1;0.03;-0.1;-0.1;Matchs
Jérémy Sebas;mq MTQ;AT,MT;Strasbourg;21-272;2003;1.7;0;4;1;25.0;2.35;0.59;0.00;0.00;14.9;0;0;0;0.6;0.6;0.15;-0.6;-0.6;Matchs
Alidu Seidu;gh GHA;DF;Rennes;24-221;2000;8.9;0;3;0;0.0;0.34;0.00;0.00;;19.9;0;0;0;0.1;0.1;0.04;-0.1;-0.1;Matchs
Marvin Senaya;tg TOG;DF;Strasbourg;23-349;2001;2.2;0;1;0;0.0;0.46;0.00;0.00;;22.5;0;0;0;0.0;0.0;0.01;0.0;0.0;Matchs
Djibril Sidibé;fr FRA;DF;Toulouse;32-166;1992;12.1;0;3;0;0.0;0.25;0.00;0.00;;7.7;0;0;0;0.3;0.3;0.10;-0.3;-0.3;Matchs
Vincent Sierro;ch SUI;MT;Toulouse;29-095;1995;13.7;1;8;0;0.0;0.58;0.00;0.00;;24.0;0;1;1;1.2;0.4;0.05;-0.2;-0.4;Matchs
Caio Henrique Oliveira Silva;br BRA;DF;Monaco;27-164;1997;7.9;0;2;1;50.0;0.25;0.13;0.00;0.00;17.2;1;0;0;0.1;0.1;0.05;-0.1;-0.1;Matchs
Abdallah Sima;sn SEN;AT;Brest;23-208;2001;5.3;3;17;10;58.8;3.23;1.90;0.18;0.30;13.7;0;0;0;2.0;2.0;0.12;+1.0;+1.0;Matchs
Moses Simon;ng NGA;AT,MT;Nantes;29-183;1995;14.1;4;25;10;40.0;1.77;0.71;0.08;0.20;20.1;1;2;2;3.2;1.7;0.07;+0.8;+0.3;Matchs
Lassine Sinayoko;ml MLI;AT,MT;Auxerre;25-034;1999;13.5;2;25;6;24.0;1.85;0.44;0.04;0.17;18.2;0;1;1;2.6;1.8;0.07;-0.6;-0.8;Matchs
Wilfried Singo;ci CIV;DF;Monaco;24-017;2000;13.2;1;9;3;33.3;0.68;0.23;0.11;0.33;10.7;0;0;0;1.2;1.2;0.14;-0.2;-0.2;Matchs
Ibrahim Sissoko;ml MLI;AT;Saint-Etienne;29-045;1995;8.9;3;21;4;19.0;2.36;0.45;0.10;0.50;14.6;0;1;1;4.3;3.5;0.17;-1.3;-1.5;Matchs
Niama Sissoko;ml MLI;AT;Reims;19-026;2005;0.2;0;2;0;0.0;10.00;0.00;0.00;;9.7;0;0;0;0.2;0.2;0.09;-0.2;-0.2;Matchs
Leo Skiri Østigård;no NOR;DF;Rennes;25-044;1999;10.9;1;5;2;40.0;0.46;0.18;0.20;0.50;7.7;0;0;0;0.6;0.6;0.13;+0.4;+0.4;Matchs
Milan Škriniar;sk SVK;DF;Paris S-G;29-335;1995;4.2;0;3;0;0.0;0.71;0.00;0.00;;10.8;0;0;0;0.2;0.2;0.05;-0.2;-0.2;Matchs
Naatan Skyttä;fi FIN;AT;Toulouse;22-249;2002;0.1;0;0;0;;0.00;0.00;;;;0;0;0;0.0;0.0;;0.0;0.0;Matchs
Eduard Sobol;ua UKR;DF;Strasbourg;29-266;1995;0.5;0;0;0;;0.00;0.00;;;;0;0;0;0.0;0.0;;0.0;0.0;Matchs
Florian Sotoca;fr FRA;AT,MT;Lens;34-078;1990;9.1;0;25;9;36.0;2.75;0.99;0.00;0.00;14.5;0;0;0;2.7;2.7;0.11;-2.7;-2.7;Matchs
Issa Soumaré;sn SEN;AT,MT;Le Havre;24-093;2000;6.9;0;10;4;40.0;1.44;0.58;0.00;0.00;17.6;0;0;0;1.0;1.0;0.10;-1.0;-1.0;Matchs
Saidou Sow;gn GUI;DF;Strasbourg;22-191;2002;11.3;0;4;1;25.0;0.35;0.09;0.00;0.00;10.6;0;0;0;0.3;0.3;0.08;-0.3;-0.3;Matchs
Lucas Stassin;be BEL;AT;Saint-Etienne;20-044;2004;6.9;2;10;3;30.0;1.45;0.44;0.20;0.67;13.6;0;0;0;1.8;1.8;0.18;+0.2;+0.2;Matchs
Enzo Sternal;fr FRA;AT,MT;Marseille;17-228;2007;0.3;0;0;0;;0.00;0.00;;;;0;0;0;0.0;0.0;;0.0;0.0;Matchs
Gabriel Suazo;cl CHI;DF;Toulouse;27-155;1997;9.2;0;2;2;100.0;0.22;0.22;0.00;0.00;16.5;0;0;0;0.1;0.1;0.05;-0.1;-0.1;Matchs
Abakar Sylla;ci CIV;DF;Strasbourg;22-017;2002;7.2;1;5;1;20.0;0.69;0.14;0.20;1.00;9.0;0;0;0;0.4;0.4;0.08;+0.6;+0.6;Matchs
;;;;;;;;;;;;;;;;;;;;;;;;
Issiaga Sylla;gn GUI;DF;Montpellier;31-010;1994;8.6;1;6;2;33.3;0.70;0.23;0.17;0.50;12.9;0;0;0;0.7;0.7;0.12;+0.3;+0.3;Matchs
Musa Al-Taamari;jo JOR;AT,MT;Montpellier;27-215;1997;8.4;0;21;8;38.1;2.49;0.95;0.00;0.00;19.1;0;0;0;1.3;1.3;0.06;-1.3;-1.3;Matchs
Nicolás Tagliafico;ar ARG;DF;Lyon;32-133;1992;7.9;2;13;5;38.5;1.65;0.63;0.15;0.40;14.0;0;0;0;1.3;1.3;0.10;+0.7;+0.7;Matchs
Florian Tardieu;fr FRA;MT;Saint-Etienne;32-264;1992;1.9;0;1;0;0.0;0.53;0.00;0.00;;22.2;0;0;0;0.0;0.0;0.02;0.0;0.0;Matchs
Oussama Targhalline;ma MAR;MT;Le Havre;22-236;2002;9.3;0;4;0;0.0;0.43;0.00;0.00;;26.5;0;0;0;0.1;0.1;0.03;-0.1;-0.1;Matchs
Enzo Tchato;cm CMR;DF;Montpellier;22-049;2002;11.8;0;2;1;50.0;0.17;0.08;0.00;0.00;29.8;0;0;0;0.0;0.0;0.02;0.0;0.0;Matchs
Tanner Tessmann;us USA;MT;Lyon;23-109;2001;2.7;0;0;0;;0.00;0.00;;;;0;0;0;0.0;0.0;;0.0;0.0;Matchs
Teddy Teuma;mt MLT;MT;Reims;31-103;1993;3.5;1;9;2;22.2;2.56;0.57;0.00;0.00;24.2;2;1;1;1.3;0.5;0.06;-0.3;-0.5;Matchs
Jordan Teze;nl NED;DF;Monaco;25-103;1999;3.4;1;4;1;25.0;1.17;0.29;0.25;1.00;10.8;0;0;0;1.2;1.2;0.30;-0.2;-0.2;Matchs
Sorba Thomas;wls WAL;AT,MT;Nantes;25-142;1999;9.1;1;7;1;14.3;0.77;0.11;0.14;1.00;18.4;0;0;0;1.3;1.3;0.18;-0.3;-0.3;Matchs
Adrien Thomasson;fr FRA;MT;Lens;31-032;1993;14.4;2;15;5;33.3;1.04;0.35;0.13;0.40;16.3;0;0;0;2.1;2.1;0.14;-0.1;-0.1;Matchs
Corentin Tolisso;fr FRA;MT;Lyon;30-161;1994;10.9;1;23;7;30.4;2.11;0.64;0.04;0.14;17.4;0;0;0;2.2;2.2;0.10;-1.2;-1.2;Matchs
Abdoulaye Touré;gn GUI;MT;Le Havre;30-314;1994;13.9;3;19;2;10.5;1.37;0.14;0.00;0.00;24.0;0;3;3;3.7;1.4;0.07;-0.7;-1.4;Matchs
Birama Touré;ml MLI;MT,DF;Montpellier;32-219;1992;3.3;0;3;1;33.3;0.91;0.30;0.00;0.00;26.6;0;0;0;0.0;0.0;0.01;0.0;0.0;Matchs
Ousmane Toure;fr FRA;DF;Lille;19-328;2005;0.1;0;0;0;;0.00;0.00;;;;0;0;0;0.0;0.0;;0.0;0.0;Matchs
Adrien Truffert;fr FRA;DF,MT;Rennes;23-052;2001;12.6;1;12;5;41.7;0.95;0.40;0.08;0.20;22.2;0;0;0;1.3;1.3;0.11;-0.3;-0.3;Matchs
Vanderson;br BRA;DF;Monaco;23-204;2001;11.4;1;9;4;44.4;0.79;0.35;0.11;0.25;16.7;0;0;0;1.5;1.5;0.16;-0.5;-0.5;Matchs
Jordan Veretout;fr FRA;MT;Lyon;31-316;1993;9.9;1;10;5;50.0;1.01;0.51;0.10;0.20;17.1;0;0;0;0.9;0.9;0.09;+0.1;+0.1;Matchs
Ben Viadere;fr FRA;MT;Auxerre;19-131;2005;0.1;0;0;0;;0.00;0.00;;;;0;0;0;0.0;0.0;;0.0;0.0;Matchs
Vitinha;pt POR;MT;Paris S-G;24-333;2000;11.5;3;11;4;36.4;0.96;0.35;0.09;0.25;25.9;0;2;2;2.5;1.0;0.09;+0.5;0.0;Matchs
Ibrahima Wadji;sn SEN;MT,AT;Saint-Etienne;29-251;1995;1.2;0;4;0;0.0;3.46;0.00;0.00;;16.9;0;0;0;0.2;0.2;0.05;-0.2;-0.2;Matchs
Elye Wahi;fr FRA;AT;Marseille;22-009;2003;6.4;3;16;9;56.3;2.51;1.41;0.13;0.22;12.1;0;1;1;6.0;5.2;0.33;-3.0;-3.2;Matchs
Caleb Wiley;us USA;DF,MT;Strasbourg;20-020;2004;3.0;0;1;0;0.0;0.34;0.00;0.00;;27.3;0;0;0;0.0;0.0;0.03;0.0;0.0;Matchs
Christopher Wooh;cm CMR;DF;Rennes;23-115;2001;9.8;0;4;1;25.0;0.41;0.10;0.00;0.00;8.6;0;0;0;0.5;0.5;0.13;-0.5;-0.5;Matchs
Etienne Youte Kinkoue;fr FRA;DF;Le Havre;22-363;2002;11.5;0;7;0;0.0;0.61;0.00;0.00;;20.2;1;0;0;0.6;0.6;0.09;-0.6;-0.6;Matchs
;;;;;;;;;;;;;;;;;;;;;;;;
Yoram Zague;fr FRA;DF;Paris S-G;18-241;2006;1.8;0;1;1;100.0;0.56;0.56;0.00;0.00;10.3;0;0;0;0.1;0.1;0.05;-0.1;-0.1;Matchs
Wilfried Zaha;ci CIV;AT;Lyon;32-062;1992;0.8;0;1;1;100.0;1.23;1.23;0.00;0.00;17.2;0;0;0;0.1;0.1;0.06;-0.1;-0.1;Matchs
Warren Zaïre-Emery;fr FRA;MT,DF;Paris S-G;18-309;2006;12.6;1;9;6;66.7;0.71;0.47;0.11;0.17;19.4;0;0;0;0.8;0.8;0.09;+0.2;+0.2;Matchs
Miha Zajc;si SVN;MT;Toulouse;30-194;1994;1.5;0;4;1;25.0;2.61;0.65;0.00;0.00;25.4;0;0;0;0.1;0.1;0.03;-0.1;-0.1;Matchs
Denis Zakaria;ch SUI;MT;Monaco;28-052;1996;10.3;2;10;5;50.0;0.97;0.49;0.20;0.40;15.6;0;0;0;2.3;2.3;0.23;-0.3;-0.3;Matchs
Anass Zaroury;ma MAR;AT,MT;Lens;24-065;2000;7.6;0;15;5;33.3;1.97;0.66;0.00;0.00;21.2;0;0;0;0.9;0.9;0.06;-0.9;-0.9;Matchs
Nathan Zeze;fr FRA;DF;Nantes;19-207;2005;11.6;0;4;1;25.0;0.35;0.09;0.00;0.00;10.2;0;0;0;0.2;0.2;0.05;-0.2;-0.2;Matchs
Edon Zhegrova;xk KVX;AT,MT;Lille;25-286;1999;10.9;4;23;9;39.1;2.12;0.83;0.17;0.44;22.2;2;0;0;2.3;2.3;0.10;+1.7;+1.7;Matchs
Luc Zogbé;ci CIV;DF;Brest;19-293;2005;3.4;0;4;0;0.0;1.17;0.00;0.00;;21.3;0;0;0;0.1;0.1;0.03;-0.1;-0.1;Matchs
Aristide Zossou;ci CIV;MT;Auxerre;19-211;2005;0.1;0;0;0;;0.00;0.00;;;;0;0;0;0.0;0.0;;0.0;0.0;Matchs
Yanis Zouaoui;dz ALG;DF,AT;Le Havre;30-185;1994;3.6;0;1;0;0.0;0.28;0.00;0.00;;34.3;0;0;0;0.0;0.0;0.01;0.0;0.0;Matchs
